"cust_id","gender"
3500,0.612322782936588
3501,0.149116719746781
3502,0.202488054226136
3503,0.414153476974618
3504,0.40959050782466
3505,0.26518249785979
3506,0.130067346433263
3507,0.538064565576841
3508,0.273119555383802
3509,0.390423819820342
3510,0.146759022861896
3511,0.479525691435191
3512,0.409626405463424
3513,0.363809640848241
3514,0.447375633932292
3515,0.22306210454527
3516,0.116772626736364
3517,0.260870420376822
3518,0.491455631913
3519,0.52870705460831
3520,0.342279438002771
3521,0.492424096378168
3522,0.505758544178821
3523,0.137967842624859
3524,0.239212767827167
3525,0.618216026474485
3526,0.219829295244029
3527,0.822256142274355
3528,0.513862009808238
3529,0.345576861087005
3530,0.263288077426152
3531,0.762960362841105
3532,0.185743185356883
3533,0.472775137453647
3534,0.444223623253065
3535,0.728123208251531
3536,0.760478596714603
3537,0.566924729260173
3538,0.452354920918405
3539,0.448920027492313
3540,0.301872596614708
3541,0.207412317135712
3542,0.246918178147612
3543,0.290021491331774
3544,0.481084425392617
3545,0.424627961987035
3546,0.363328632676317
3547,0.209475990453684
3548,0.585987583934326
3549,0.258050764047525
3550,0.412107759966969
3551,0.443860169999732
3552,0.472119774720207
3553,0.30709962580122
3554,0.271116780783558
3555,0.265802139425856
3556,0.440036261728602
3557,0.275713398714291
3558,0.319149306463127
3559,0.316379246918473
3560,0.33355007123015
3561,0.408252893861365
3562,0.408897933470103
3563,0.426443486836711
3564,0.555876342006817
3565,0.475805245478772
3566,0.0727134150136482
3567,0.448201129125343
3568,0.433078406387868
3569,0.497720642849338
3570,0.205706626516353
3571,0.506790724432007
3572,0.637522965526217
3573,0.457258653354094
3574,0.318733648077613
3575,0.607092045324587
3576,0.431389448519271
3577,0.272315196815966
3578,0.37360986455727
3579,0.128463199989218
3580,0.516683270463386
3581,0.553226967349766
3582,0.637766581192249
3583,0.442360879739278
3584,0.454145584399445
3585,0.229540491997599
3586,0.0553617400613441
3587,0.262916445169302
3588,0.310907794005828
3589,0.32002534304129
3590,0.436392548067326
3591,0.375081935863901
3592,0.613447169126611
3593,0.523521758738074
3594,0.391966456810376
3595,0.293482791119681
3596,0.426379842781438
3597,0.255788475227569
3598,0.408719090735061
3599,0.545280874990406
3600,0.443917522328565
3601,0.377965631303184
3602,0.414121066692646
3603,0.220669667917729
3604,0.627173594814264
3605,0.211837009472077
3606,0.294550620852588
3607,0.174824611685768
3608,0.410413902278299
3609,0.421885048508614
3610,0.399225219713228
3611,0.243565681049399
3612,0.50565438573535
3613,0.3900996728946
3614,0.506411744333042
3615,0.352411867807523
3616,0.447337014658689
3617,0.450476564543021
3618,0.512000404161907
3619,0.288760039574611
3620,0.284560137589018
3621,0.268254850598758
3622,0.433661188346479
3623,0.482071708793237
3624,0.275224229698232
3625,0.477670682679785
3626,0.626259718442526
3627,0.308030350707687
3628,0.468927520460813
3629,0.17759441015971
3630,0.411975158528138
3631,0.60529090679265
3632,0.428506031986588
3633,0.182836720372619
3634,0.248629855339119
3635,0.381459884287855
3636,0.513834425221569
3637,0.435432810027352
3638,0.467854185102534
3639,0.798353265969637
3640,0.502587341874477
3641,0.351751985311095
3642,0.761728036723696
3643,0.363905739150043
3644,0.427494921946552
3645,0.25176257111769
3646,0.167329430064388
3647,0.301448180729373
3648,0.637808582803963
3649,0.219984111041705
3650,0.449597376842345
3651,0.4704006020118
3652,0.357714072308243
3653,0.433570555123702
3654,0.395716773414108
3655,0.388127716294697
3656,0.555444953663267
3657,0.294127932610637
3658,0.222454451045186
3659,0.238033534272182
3660,0.372965584806567
3661,0.414430073514628
3662,0.296806986252191
3663,0.419951748424658
3664,0.400218522831472
3665,0.571288059000112
3666,0.450480448562292
3667,0.285934442414142
3668,0.169647074072317
3669,0.68637327634934
3670,0.462176455875455
3671,0.553264936631093
3672,0.247349038457772
3673,0.541645670232752
3674,0.346828920859907
3675,0.283784794916172
3676,0.212196533862735
3677,0.531114891860633
3678,0.195273482341418
3679,0.22900239792644
3680,0.347265245226024
3681,0.43369768466495
3682,0.326810231275039
3683,0.327731856489374
3684,0.272206247225577
3685,0.530508676344451
3686,0.354268189647678
3687,0.428441326525521
3688,0.3943443728172
3689,0.401401083369664
3690,0.446453239068713
3691,0.296772498679316
3692,0.258212456122594
3693,0.42423267578443
3694,0.239425722175035
3695,0.765279104608617
3696,0.577643051592999
3697,0.431302019250814
3698,0.269177792990071
3699,0.244469125301088
3700,0.352716112781965
3701,0.341731545896257
3702,0.42695415610626
3703,0.566427370956599
3704,0.59804356856392
3705,0.423553997455831
3706,0.373412241882858
3707,0.144912630867344
3708,0.119714341496877
3709,0.370501829166355
3710,0.397586193330828
3711,0.267642717376423
3712,0.505360305465785
3713,0.20295867611783
3714,0.417812503103694
3715,0.135576943889454
3716,0.327770170165437
3717,0.468115441362167
3718,0.271347756087538
3719,0.318951285013032
3720,0.363772429330948
3721,0.425179760138023
3722,0.309464551804033
3723,0.716494863100166
3724,0.217825559554823
3725,0.410993985175908
3726,0.423743321855191
3727,0.534309031374364
3728,0.359663742148823
3729,0.423862521075879
3730,0.270472928194781
3731,0.305826183176294
3732,0.515553733776431
3733,0.799837972707385
3734,0.318180809653278
3735,0.345930543331791
3736,0.305367873540742
3737,0.554685360258942
3738,0.363163382676393
3739,0.526413890706116
3740,0.418860353921869
3741,0.61518738293546
3742,0.31892604089739
3743,0.194191736019924
3744,0.374745982497591
3745,0.206649857275446
3746,0.430738767231239
3747,0.38712028366476
3748,0.1161195628188
3749,0.505152079547733
3750,0.212797757339953
3751,0.495688598784332
3752,0.171844441391136
3753,0.551270165927496
3754,0.41344442711475
3755,0.534144748070426
3756,0.505256192734683
3757,0.256523499654284
3758,0.41324064441071
3759,0.43921953978246
3760,0.096052936351272
3761,0.326219262295941
3762,0.393211929609318
3763,0.246923007117284
3764,0.727680702771765
3765,0.00426733544073298
3766,0.322725638163719
3767,0.567672620354554
3768,0.454805255893796
3769,0.410371666424769
3770,0.637605365100861
3771,0.258431122195538
3772,0.475744012739012
3773,0.339580840118735
3774,0.316425804052216
3775,0.613972425454611
3776,0.603288196445232
3777,0.422105107410912
3778,0.26684254984356
3779,0.275168405685295
3780,0.273162032796309
3781,0.437756057767433
3782,0.348431483157305
3783,0.215836037034041
3784,0.271919903128704
3785,0.450469973493828
3786,0.424363262308682
3787,0.608933415094608
3788,0.272808180384104
3789,0.305221126326788
3790,0.239455587303193
3791,0.148181769819694
3792,0.423877856611863
3793,0.481789398141501
3794,0.394156022135298
3795,0.32868802798933
3796,0.146720823235013
3797,0.498557824747516
3798,0.324055859900486
3799,0.282934186663302
3800,0.101403182178555
3801,0.217935364828983
3802,0.172740722527503
3803,0.300227832248486
3804,0.378799090993617
3805,0.488544250859682
3806,0.533361689891695
3807,0.165510132695702
3808,0.511881329584762
3809,0.328457098054367
3810,0.193113582400839
3811,0.490002213655412
3812,0.501510834094247
3813,0.433652143578691
3814,0.34294032964579
3815,0.450456320661518
3816,0.587064439603631
3817,0.213080735604518
3818,0.182656708368324
3819,0.435188296847101
3820,0.422237010358989
3821,0.553255699964307
3822,0.213111445657351
3823,0.311296427216007
3824,0.166223514911182
3825,0.423939355813029
3826,0.190922643003368
3827,0.454842222381142
3828,0.228674520881536
3829,0.753745666999191
3830,0.765012196118772
3831,0.298359889975629
3832,0.350785056427551
3833,0.194067743399213
3834,0.177414473817893
3835,0.241475005530577
3836,0.128107983790928
3837,0.401283501611006
3838,0.574888261111277
3839,0.432331164906404
3840,0.418380344114659
3841,0.324787764781652
3842,0.364024061357295
3843,0.305982294975964
3844,0.475117551237602
3845,0.108266062854918
3846,0.153176959732817
3847,0.157404220596116
3848,0.327266598305381
3849,0.637711747470114
3850,0.229177460218969
3851,0.335546611588463
3852,0.562606453184857
3853,0.297730472275156
3854,0.216796613777091
3855,0.246282219349445
3856,0.506164762328801
3857,0.332109635032845
3858,0.269860380676531
3859,0.321234612168734
3860,0.450473504410877
3861,0.151006835583993
3862,0.451371947846368
3863,0.513459104726288
3864,0.690911705337126
3865,0.480840533750469
3866,0.2207465596017
3867,0.235091723446888
3868,0.477391906201746
3869,0.475753170033692
3870,0.28213070744048
3871,0.357637218905757
3872,0.447680742238846
3873,0.4395765164487
3874,0.475550773593563
3875,0.252813601718664
3876,0.433117515246677
3877,0.690544538938823
3878,0.47732068610931
3879,0.517200160639206
3880,0.174243717298084
3881,0.198657557374974
3882,0.400939344512151
3883,0.260442714040644
3884,0.197256935819279
3885,0.454834578910213
3886,0.503341819780041
3887,0.350064850743282
3888,0.491949105559021
3889,0.351891803090141
3890,0.423858926395443
3891,0.255490772853248
3892,0.120041488235767
3893,0.235967035203692
3894,0.133186683859371
3895,0.0308263945016024
3896,0.129580841496366
3897,0.350644170813779
3898,0.517734678676937
3899,0.36661463617659
3900,0.517734678676937
3901,0.441036289200662
3902,0.415191176595414
3903,0.244779747860061
3904,0.256321767856627
3905,0.41773100106912
3906,0.76108852597914
3907,0.125206726049023
3908,0.220521656810457
3909,0.473435886303668
3910,0.325406751419025
3911,0.227782037911322
3912,0.503253864581822
3913,0.537814498448754
3914,0.305179507254252
3915,0.326346547200978
3916,0.399744300500079
3917,0.420089461028568
3918,0.534795982171585
3919,0.385783833513517
3920,0.769135375635221
3921,0.441222687918649
3922,0.464387739339724
3923,0.553285689618515
3924,0.256433048544215
3925,0.176715152740984
3926,0.41755872386336
3927,0.299784114943939
3928,0.307156129168224
3929,0.414945557515625
3930,0.626634484390328
3931,0.261574209511055
3932,0.447177900820081
3933,0.4401319517395
3934,0.3276775111206
3935,0.209146719559442
3936,0.0318264302641839
3937,0.0687273243467676
3938,0.599807346804744
3939,0.285201875938048
3940,0.534483227070096
3941,0.178686646575734
3942,0.15126831967244
3943,0.280779932684305
3944,0.102276332230547
3945,0.446563887585889
3946,0.296029224390363
3947,0.0717581919084859
3948,0.264057518410812
3949,0.453545982528947
3950,0.390229164171607
3951,0.355273799499747
3952,0.318617411138367
3953,0.426583541001543
3954,0.764841637209459
3955,0.436012982126247
3956,0.181563014374476
3957,0.370567546995136
3958,0.444775504092294
3959,0.3868939676717
3960,0.729290371661197
3961,0.789070512684708
3962,0.501172696845937
3963,0.239095608194124
3964,0.351463689731643
3965,0.425156438578766
3966,0.177327186919118
3967,0.353645332329379
3968,0.505539530397446
3969,0.432943039634819
3970,0.361839303237458
3971,0.0712548243301663
3972,0.401440383011289
3973,0.830461866998373
3974,0.398794268819462
3975,0.597905597718581
3976,0.472083890698437
3977,0.319291654022087
3978,0.175719289353002
3979,0.811131754376713
3980,0.25255390278082
3981,0.318380659629562
3982,0.312730640163078
3983,0.376673615160153
3984,0.208898656840421
3985,0.251301665765639
3986,0.145675915683645
3987,0.0997307034383113
3988,0.441016380288186
3989,0.550810524258214
3990,0.191269064784216
3991,0.220578616050317
3992,0.322958861795857
3993,0.356295770329608
3994,0.422433664253489
3995,0.453954550320563
3996,0.416631011639805
3997,0.238691072026082
3998,0.50285806377626
3999,0.860839944082707
4000,0.215478615996495
4001,0.306791265513774
4002,0.437774898956739
4003,0.187865149475601
4004,0.41939522959706
4005,0.349327428433409
4006,0.448078628150992
4007,0.416041926226054
4008,0.45259227012591
4009,0.444923360768726
4010,0.380879029989222
4011,0.273190353362065
4012,0.169765641105163
4013,0.789257138069071
4014,0.348390860937383
4015,0.458149023250263
4016,0.391025494569516
4017,0.436100762723032
4018,0.305316486038535
4019,0.566629143315897
4020,0.271147935999819
4021,0.530302809312213
4022,0.56729088259901
4023,0.410229859573974
4024,0.453246161033854
4025,0.435478676159942
4026,0.637217395009077
4027,0.423559131045346
4028,0.418021445514762
4029,0.212035894713494
4030,0.0741790091986482
4031,0.29874015791879
4032,0.411083003292715
4033,0.362200134081848
4034,0.350155804997868
4035,0.218714373790337
4036,0.556527037791532
4037,0.239488813764238
4038,0.234277504982612
4039,0.295925176766353
4040,0.822866487945025
4041,0.506891482318526
4042,0.304488690178431
4043,0.366182981370135
4044,0.438939731026425
4045,0.553225474889315
4046,0.41797007011902
4047,0.392082165731131
4048,0.302574289626423
4049,0.412645244623979
4050,0.14747331046159
4051,0.312277201279394
4052,0.270441395275523
4053,0.38592843870668
4054,0.263769892901644
4055,0.420631799507313
4056,0.401476827706585
4057,0.425366595380233
4058,0.449595150940372
4059,0.76498185230684
4060,0.400881767930317
4061,0.442921570278474
4062,0.359782017308455
4063,0.253409651234496
4064,0.175777144071284
4065,0.838377910750961
4066,0.211385448773418
4067,0.232157490723209
4068,0.122723256415351
4069,0.448952691514924
4070,0.329721983817762
4071,0.465118610614411
4072,0.369065638388646
4073,0.140823039551883
4074,0.412658484258394
4075,0.218264297741332
4076,0.54185435974257
4077,0.396427310405095
4078,0.420206937744867
4079,0.506068211124849
4080,0.44563724975884
4081,0.15957697139399
4082,0.394414801028727
4083,0.21171299573704
4084,0.635387262036345
4085,0.568945802535667
4086,0.341687315713763
4087,0.405249334851398
4088,0.408330276223955
4089,0.306206623836856
4090,0.511409822376063
4091,0.450433487643192
4092,0.29053159832863
4093,0.421095231465381
4094,0.22411627441356
4095,0.100308319193048
4096,0.45266669934138
4097,0.596915949903178
4098,0.421009099491934
4099,0.450384762209588
4100,0.421954893330666
4101,0.296944211322036
4102,0.210618154687321
4103,0.165554391060728
4104,0.236711089775846
4105,0.472470454707513
4106,0.0768613614282914
4107,0.439126396614145
4108,0.205431739404366
4109,0.396189699538694
4110,0.353871942459178
4111,0.490063911613102
4112,0.394104447262034
4113,0.216477568330113
4114,0.441819488705097
4115,0.516076071421148
4116,0.429783525423201
4117,0.780601078573353
4118,0.368964439107284
4119,0.413512427884078
4120,0.665497997917355
4121,0.763160825517834
4122,0.46107727122867
4123,0.404465925266674
4124,0.828539816630833
4125,0.309805606213799
4126,0.237372514372573
4127,0.378648636083071
4128,0.185693568332582
4129,0.354658256649495
4130,0.444860917736696
4131,0.52172205681373
4132,0.413461010651153
4133,0.245521195344895
4134,0.458643596117582
4135,0.293984427674551
4136,0.43562473415637
4137,0.189580726021444
4138,0.427538079626933
4139,0.266063183224521
4140,0.42273017245634
4141,0.302764440757177
4142,0.366273840985904
4143,0.412771985170868
4144,0.765003477892978
4145,0.764935057683887
4146,0.417145967413194
4147,0.419285935404935
4148,0.498235972448522
4149,0.495978605693211
4150,0.285288936403513
4151,0.448157857190626
4152,0.595776163834452
4153,0.503494668070861
4154,0.447902996800074
4155,0.215706287689658
4156,0.085158143166873
4157,0.217237553351177
4158,0.451138640765183
4159,0.246669350669012
4160,0.505448016515811
4161,0.352284111418158
4162,0.45025837475641
4163,0.226829072593729
4164,0.59781707590159
4165,0.476467227306266
4166,0.421390758372835
4167,0.450467631321605
4168,0.320993062665091
4169,0.198084187297518
4170,0.340252633765894
4171,0.495788436910792
4172,0.297487343549639
4173,0.469161245424304
4174,0.4373782928896
4175,0.170072210049012
4176,0.442109700714603
4177,0.279789531318363
4178,0.441056271764344
4179,0.0862952329097533
4180,0.286882021702444
4181,0.16512678392518
4182,0.42995747802871
4183,0.24351474052855
4184,0.259573016255699
4185,0.199991531589964
4186,0.325190687055056
4187,0.0810353325332007
4188,0.597780494776195
4189,0.459533895238163
4190,0.18288434515375
4191,0.401438763489848
4192,0.536379737301443
4193,0.729631890188908
4194,0.433519207549439
4195,0.553267333927913
4196,0.503348951273607
4197,0.489450111775859
4198,0.306073682630533
4199,0.304949136534438
4200,0.555374565305846
4201,0.4416933200551
4202,0.18870398977994
4203,0.448027659336155
4204,0.435672912159587
4205,0.249155988068569
4206,0.802626706999863
4207,0.36837698820263
4208,0.213433736644577
4209,0.488772344594823
4210,0.394616508522331
4211,0.428445337443573
4212,0.598131897624991
4213,0.276170173909804
4214,0.384589255449133
4215,0.395437869923655
4216,0.498264983750603
4217,0.35360646084108
4218,0.473600932223643
4219,0.494550951993073
4220,0.450442903295561
4221,0.52476767720463
4222,0.524380868628546
4223,0.241641682691353
4224,0.167018157032632
4225,0.385289438074375
4226,0.357549807610768
4227,0.220290039353845
4228,0.254416544798211
4229,0.454401442962911
4230,0.463498620850093
4231,0.458659692537976
4232,0.516711476743193
4233,0.194969559819866
4234,0.385098037273993
4235,0.418163914857991
4236,0.319754095090061
4237,0.573651225684658
4238,0.420218521425045
4239,0.31314072570412
4240,0.332435020671292
4241,0.139685252509521
4242,0.169071209216249
4243,0.219278417959861
4244,0.405639490527537
4245,0.269023563504852
4246,0.525261032323316
4247,0.560663136805325
4248,0.228218710491805
4249,0.433649761460396
4250,0.223643153937799
4251,0.324290805064866
4252,0.148263173663133
4253,0.443229790666339
4254,0.227314083086262
4255,0.406539857197641
4256,0.20569313765769
4257,0.303446883605133
4258,0.502960710859709
4259,0.860469311777138
4260,0.533288023329287
4261,0.105574528247978
4262,0.283352086225523
4263,0.439725728510237
4264,0.218303374834921
4265,0.113942891717455
4266,0.798681802213086
4267,0.265122638930668
4268,0.0637607515476041
4269,0.474419122335844
4270,0.298246054130357
4271,0.204392483164755
4272,0.119997223251209
4273,0.782748957631877
4274,0.563501672181879
4275,0.543538583246916
4276,0.324509869308359
4277,0.378013993235506
4278,0.403407886477255
4279,0.46559168176962
4280,0.415889027380155
4281,0.289685716113589
4282,0.368465841724509
4283,0.419181219613696
4284,0.706090527098949
4285,0.399488293489596
4286,0.424408945579541
4287,0.445636755331791
4288,0.303914378659846
4289,0.504728824036143
4290,0.186751938156649
4291,0.194353841243037
4292,0.799771730350593
4293,0.220216549540249
4294,0.00170029906095579
4295,0.370442787943084
4296,0.400235003282017
4297,0.389607267621378
4298,0.199012108526771
4299,0.471324227532612
4300,0.059468581118923
4301,0.372334186568245
4302,0.101572809890203
4303,0.275610225968959
4304,0.406883632442957
4305,0.425156519918952
4306,0.443462097932779
4307,0.299933156949643
4308,0.406199253274199
4309,0.318866030103455
4310,0.368421668082559
4311,0.526371722908482
4312,0.395862428462899
4313,0.454577738551571
4314,0.348090385596777
4315,0.220520421366422
4316,0.479807689675676
4317,0.470903934564727
4318,0.268408766570293
4319,0.449287634529772
4320,0.172432089128271
4321,0.303725921185632
4322,0.264302516033848
4323,0.356989280851443
4324,0.509000595598335
4325,0.434696665916343
4326,0.443697220632093
4327,0.454896520593439
4328,0.193299707677497
4329,0.16902300163427
4330,0.341503103282339
4331,0.181508195261441
4332,0.496030902314687
4333,0.423807782168707
4334,0.358787537257494
4335,0.111610006366117
4336,0.518278842440551
4337,0.468819582930356
4338,0.299409245928208
4339,0.132261685866417
4340,0.226871420436297
4341,0.538093352796177
4342,0.482551702431588
4343,0.133901569377404
4344,0.479537034198995
4345,0.307322730481699
4346,0.113020173903182
4347,0.496105085396854
4348,0.469510461658769
4349,0.450472233280164
4350,0.191090489504524
4351,0.306372188936058
4352,0.32652128742032
4353,0.409554111059286
4354,0.332453690693939
4355,0.236973862982801
4356,0.461749690676836
4357,0.483455459231813
4358,0.447173632902024
4359,0.421708572205219
4360,0.535423758613949
4361,0.564362696099952
4362,0.397604986179027
4363,0.402671150622378
4364,0.229440561368128
4365,0.385401750631507
4366,0.272675970078516
4367,0.375834190871791
4368,0.0972490502155608
4369,0.35927623943244
4370,0.296916193775482
4371,0.435721576972355
4372,0.462398221011732
4373,0.463812110455757
4374,0.324669393008734
4375,0.273143222238129
4376,0.345805783454124
4377,0.372976516049179
4378,0.391492354036745
4379,0.321610475801637
4380,0.551404023426956
4381,0.286062427911887
4382,0.514682725203157
4383,0.613747025976633
4384,0.506469259332957
4385,0.406869226346145
4386,0.175675652445441
4387,0.68906184503366
4388,0.461871689522239
4389,0.506067688785007
4390,0.450909997574855
4391,0.288216749070359
4392,0.449373105611346
4393,0.135363146594298
4394,0.415284743274338
4395,0.430769253905023
4396,0.455286851045204
4397,0.402039198743164
4398,0.496030902314687
4399,0.146297420735836
4400,0.419646415707673
4401,0.180161283511646
4402,0.272002468712946
4403,0.398887677895127
4404,0.471498267507657
4405,0.44772518112441
4406,0.431613875325746
4407,0.613626926100944
4408,0.415339372669951
4409,0.433533959197755
4410,0.420202651805477
4411,0.287955434758271
4412,0.14473320970152
4413,0.238538194614648
4414,0.326401434381232
4415,0.406668993543292
4416,0.432062650198443
4417,0.408998874767071
4418,0.330751365336363
4419,0.424697541161154
4420,0.337525951640881
4421,0.471042672779752
4422,0.420173046718214
4423,0.182946493612849
4424,0.673152353848336
4425,0.398213748251428
4426,0.310554765903437
4427,0.29693721318993
4428,0.414946799344769
4429,0.299138042931367
4430,0.366376365003474
4431,0.569034889118657
4432,0.273776055162336
4433,0.383765199570899
4434,0.303693712424889
4435,0.393090577437258
4436,0.198530937465451
4437,0.485409386333918
4438,0.397331831968102
4439,0.455851590777727
4440,0.267033788994744
4441,0.112156763029884
4442,0.284796716381035
4443,0.364657392477156
4444,0.611469098588043
4445,0.443975555869841
4446,0.287967339783338
4447,0.414762910750462
4448,0.278114001052984
4449,0.227611910083516
4450,0.238905565692875
4451,0.436955733000578
4452,0.467643361380465
4453,0.313632568924622
4454,0.326930389003017
4455,0.290830594426792
4456,0.398903335427984
4457,0.395925091138913
4458,0.213496741828195
4459,0.330208190026337
4460,0.330662702643911
4461,0.365481654289386
4462,0.381800168298041
4463,0.348978121928182
4464,0.195023281102497
4465,0.44543841315493
4466,0.316238644323682
4467,0.202110484047028
4468,0.781245999780154
4469,0.415826700019227
4470,0.262081479101058
4471,0.414118710182249
4472,0.77311261730049
4473,0.411325594764188
4474,0.148413070973714
4475,0.495508943054442
4476,0.431400146363712
4477,0.140769134804754
4478,0.450474116437006
4479,0.445951477531825
4480,0.402671230112431
4481,0.114802145157989
4482,0.464950305995658
4483,0.311555463895523
4484,0.51501394771206
4485,0.22822755152344
4486,0.221526711802602
4487,0.166013370530552
4488,0.386405097852522
4489,0.417562642001657
4490,0.312415023563921
4491,0.319464884504061
4492,0.447941075526087
4493,0.533446967668764
4494,0.188575470510692
4495,0.219841626260176
4496,0.400355034477181
4497,0.830933282307448
4498,0.428226893243731
4499,0.519347420948214
4500,0.526500745286673
4501,0.379777128407246
4502,0.287280540595199
4503,0.416376835297385
4504,0.394812627548998
4505,0.77811528407013
4506,0.309091952784018
4507,0.237273537653368
4508,0.479615096659403
4509,0.373770061973344
4510,0.248447558489467
4511,0.182161775048854
4512,0.803100793290912
4513,0.47755167954644
4514,0.451414780440936
4515,0.218230864927579
4516,0.380451587437502
4517,0.384076122977125
4518,0.381600475640581
4519,0.326039844022021
4520,0.423790690842739
4521,0.428783399960496
4522,0.262339266143477
4523,0.129151070553066
4524,0.448447841151449
4525,0.399399877281781
4526,0.272266583479263
4527,0.266001879472312
4528,0.450199327099424
4529,0.415006437752607
4530,0.690414168206307
4531,0.574954817441135
4532,0.328641166390074
4533,0.339155086782208
4534,0.554827183058546
4535,0.171409456319467
4536,0.446766944998645
4537,0.422991793527101
4538,0.424176535782403
4539,0.324537217520134
4540,0.53441439946162
4541,0.330743050232693
4542,0.181492666046737
4543,0.425238217934119
4544,0.29767955656228
4545,0.255501224638594
4546,0.311638176328599
4547,0.331457975314149
4548,0.172300696912903
4549,0.315764241587262
4550,0.266833951233663
4551,0.537993281846451
4552,0.364981721881817
4553,0.612246883179137
4554,0.328636666093625
4555,0.224021313091455
4556,0.44848624927455
4557,0.301110321089085
4558,0.471395128520216
4559,0.337680135622503
4560,0.429413411022548
4561,0.081485545698626
4562,0.427022897938112
4563,0.328658733582598
4564,0.221123409794296
4565,0.690346075500372
4566,0.415809791502431
4567,0.427056463192025
4568,0.275558695724418
4569,0.598823549759966
4570,0.403389225759127
4571,0.325374419505097
4572,0.229267271317044
4573,0.431469929411404
4574,0.460324347362759
4575,0.423735033277396
4576,0.216281328970843
4577,0.754176510160035
4578,0.180756442478535
4579,0.0658636361806704
4580,0.354362107416144
4581,0.252482373220543
4582,0.283300069160968
4583,0.763584391279807
4584,0.397938108245855
4585,0.452203910045338
4586,0.42906190466015
4587,0.509591881828432
4588,0.340898893907985
4589,0.107961412185143
4590,0.415843214652042
4591,0.206065709454609
4592,0.392887904920631
4593,0.445721464316997
4594,0.45604014244413
4595,0.325083622813247
4596,0.496095685608155
4597,0.706046123894889
4598,0.337838031078612
4599,0.317100709508694
4600,0.449699423688106
4601,0.487295931570319
4602,0.244485197397534
4603,0.270351970633028
4604,0.41816650607795
4605,0.20608563682496
4606,0.340418365369352
4607,0.246200846690101
4608,0.211824962118387
4609,0.537641184493754
4610,0.404166717240022
4611,0.653730946448919
4612,0.534827113019766
4613,0.26541510787827
4614,0.189995880047815
4615,0.420157825976788
4616,0.0720643852705496
4617,0.213523156445765
4618,0.173475251527927
4619,0.42030691942637
4620,0.430779019159504
4621,0.42980394851969
4622,0.764912179483767
4623,0.268833320981913
4624,0.313816060870544
4625,0.271870681417653
4626,0.463208166027856
4627,0.469349264522599
4628,0.272460269324256
4629,0.396311375644692
4630,0.288714486151721
4631,0.276933813622754
4632,0.191716951942048
4633,0.281579378245861
4634,0.264872997798846
4635,0.257599282620707
4636,0.423899009395945
4637,0.329690579439193
4638,0.158110198294746
4639,0.141833099718513
4640,0.424829603941839
4641,0.218785884384195
4642,0.373177223248124
4643,0.324724244443546
4644,0.337268273321135
4645,0.420168480557033
4646,0.233941666591096
4647,0.437929475192806
4648,0.399370908484709
4649,0.446176878695796
4650,0.254853046127883
4651,0.235293724857552
4652,0.453735826564083
4653,0.188793316883228
4654,0.767917326378236
4655,0.49917220800385
4656,0.500830335369322
4657,0.305150906690489
4658,0.411037722550092
4659,0.401245896449209
4660,0.170428262598384
4661,0.448234743023346
4662,0.384267106074238
4663,0.296609295548359
4664,0.176110753467399
4665,0.615298239683759
4666,0.183019495398097
4667,0.234037631893318
4668,0.207240917679718
4669,0.467701253302771
4670,0.437111849751181
4671,0.378843204890772
4672,0.368888342492562
4673,0.433983332017938
4674,0.291313180906763
4675,0.273793071089455
4676,0.264448695829086
4677,0.537952072557943
4678,0.376200248703613
4679,0.362546186445474
4680,0.351020859385167
4681,0.381166035332369
4682,0.531955859176312
4683,0.353090657710691
4684,0.423235508586499
4685,0.291190607152847
4686,0.418057571722136
4687,0.108650863280539
4688,0.253311316459866
4689,0.136596400369517
4690,0.170593305886776
4691,0.271254650142896
4692,0.370614989116102
4693,0.253002359445892
4694,0.42865394632726
4695,0.339432150825322
4696,0.256476130876196
4697,0.416017475082257
4698,0.42381089274879
4699,0.300125552191859
4700,0.368870460093996
4701,0.448367831265401
4702,0.128278886140042
4703,0.345154419294882
4704,0.450458674592801
4705,0.534811122988941
4706,0.429692732483706
4707,0.518487949409435
4708,0.35228790077906
4709,0.310222208354833
4710,0.42148984443483
4711,0.402619902003952
4712,0.637565286957518
4713,0.465828408802998
4714,0.706096644566832
4715,0.498651588747245
4716,0.419764286556687
4717,0.194879499756297
4718,0.362919863194778
4719,0.517693081165758
4720,0.307119138270493
4721,0.492457656422248
4722,0.0932762356666125
4723,0.441819791724717
4724,0.30449014455148
4725,0.421643998322754
4726,0.273197905822422
4727,0.124907321545965
4728,0.132976368094691
4729,0.455448529003415
4730,0.399115602962746
4731,0.399369585517086
4732,0.450465265612191
4733,0.336666290662698
4734,0.356437012274815
4735,0.284447139655363
4736,0.452695639759221
4737,0.478920890374207
4738,0.57964772861592
4739,0.27349217551503
4740,0.274552982116642
4741,0.422593098696652
4742,0.277041033529683
4743,0.437053558314914
4744,0.400853673169191
4745,0.495519350178686
4746,0.499330580218692
4747,0.476941721275014
4748,0.706091020445889
4749,0.212063681651133
4750,0.485030232955818
4751,0.227928929683291
4752,0.81914424518906
4753,0.463364256801637
4754,0.214754982221563
4755,0.762449268989207
4756,0.434583509737381
4757,0.118879571091017
4758,0.802912766752379
4759,0.745031319424452
4760,0.551799184674443
4761,0.526116953565782
4762,0.56271159321212
4763,0.0182995328298106
4764,0.398496516207202
4765,0.404918529655015
4766,0.618611856737978
4767,0.526342552973344
4768,0.374715000458958
4769,0.276428067795544
4770,0.216135183553271
4771,0.576148509774677
4772,0.504628058234907
4773,0.509455255763207
4774,0.359991023801896
4775,0.273599884527158
4776,0.154681088747636
4777,0.670235399426236
4778,0.273073306891104
4779,0.394099847250835
4780,0.331175404372038
4781,0.447422256415953
4782,0.0820315208825264
4783,0.535851334876327
4784,0.122057253317099
4785,0.259415024465651
4786,0.451136054057401
4787,0.218603482298487
4788,0.471954079112762
4789,0.550376606263482
4790,0.446065321495976
4791,0.418066401258396
4792,0.576012659324177
4793,0.53034439993899
4794,0.298077918054841
4795,0.0376034213972114
4796,0.497528182627748
4797,0.47548175518765
4798,0.26543582468521
4799,0.216758094962836
4800,0.324996417979916
4801,0.273968940910816
4802,0.400136635223623
4803,0.228458175718828
4804,0.394812128082963
4805,0.523927981216775
4806,0.288771572497521
4807,0.802329023653399
4808,0.318032455983778
4809,0.319539582650234
4810,0.442746637874013
4811,0.412106702260759
4812,0.405213021187574
4813,0.206502790122444
4814,0.344529511733742
4815,0.446331064722774
4816,0.36705041972125
4817,0.559034117559629
4818,0.448219590488402
4819,0.462416036380469
4820,0.395563714442465
4821,0.454834796236793
4822,0.172785947971077
4823,0.351339372092999
4824,0.400603011389662
4825,0.210601547677368
4826,0.148605514293927
4827,0.280671926122162
4828,0.301489171207108
4829,0.412041226666481
4830,0.4334980594817
4831,0.358738911433547
4832,0.151800634833118
4833,0.342294907838529
4834,0.336180915628182
4835,0.397439370901377
4836,0.807465853751877
4837,0.492141062324375
4838,0.705740128796513
4839,0.205599578528397
4840,0.252135795425639
4841,0.446801793498339
4842,0.400163496219913
4843,0.441542747056837
4844,0.538159576616889
4845,0.355519362091426
4846,0.476646685110223
4847,0.57433213344438
4848,0.401381890982062
4849,0.284802730442721
4850,0.401470989627262
4851,0.395339964198366
4852,0.296230942936708
4853,0.828321810589868
4854,0.690374329894289
4855,0.170766587674973
4856,0.412029959931902
4857,0.408973731973432
4858,0.48632682131742
4859,0.453186742808198
4860,0.420122611202924
4861,0.557343535287015
4862,0.424599030689121
4863,0.40934069695305
4864,0.328719260458568
4865,0.35783157865612
4866,0.399247980972378
4867,0.140811677649647
4868,0.263792537382002
4869,0.44641061682755
4870,0.292154168564713
4871,0.443060524855253
4872,0.215589017354969
4873,0.313126206479117
4874,0.76944970755879
4875,0.45731496739692
4876,0.75873128409614
4877,0.764822395863395
4878,0.512935195200774
4879,0.816953610921916
4880,0.394366759499445
4881,0.462629992564894
4882,0.510134574375739
4883,0.322763478561199
4884,0.447929045282171
4885,0.401293164682181
4886,0.438168915614367
4887,0.325557437619088
4888,0.211876066987433
4889,0.19211637299201
4890,0.306979695989456
4891,0.220964458954776
4892,0.444524233976272
4893,0.482636646827248
4894,0.303286837757864
4895,0.454704553774681
4896,0.273761308558447
4897,0.797802803281444
4898,0.316933723535838
4899,0.268454832193089
4900,0.433275994368367
4901,0.302799883120408
4902,0.446158695631714
4903,0.205361246129842
4904,0.470443805606187
4905,0.502717462739869
4906,0.841233073123939
4907,0.471692916255763
4908,0.155926930015063
4909,0.443524608984725
4910,0.250994389749704
4911,0.420182091047361
4912,0.553201994952195
4913,0.546213532894828
4914,0.507613522905317
4915,0.158022384143049
4916,0.199185918431166
4917,0.140769077612977
4918,0.68841027313557
4919,0.449839785057069
4920,0.518519286409895
4921,0.657796421262153
4922,0.42229621254462
4923,0.187089844399167
4924,0.303341357977073
4925,0.251047545525832
4926,0.299440562985014
4927,0.312615544628585
4928,0.188027796309933
4929,0.273510316697375
4930,0.451899739598251
4931,0.440411381645824
4932,0.155344886693973
4933,0.116178186664998
4934,0.492822769048157
4935,0.176326553087128
4936,0.346472933658548
4937,0.267092551352098
4938,0.232867192553688
4939,0.215437938216841
4940,0.383416327791763
4941,0.412256700979833
4942,0.181241637750824
4943,0.435069881731482
4944,0.404203776343528
4945,0.401263270460528
4946,0.497214884883852
4947,0.341758400557908
4948,0.547295013959089
4949,0.348986262519937
4950,0.619382868872686
4951,0.420342761962706
4952,0.211602954111264
4953,0.134257460345871
4954,0.431142746432615
4955,0.518987022693228
4956,0.495611343326789
4957,0.2753883350346
4958,0.220513556427592
4959,1.34522110315013e-06
4960,0.092943385570998
4961,0.296820075773613
4962,0.601455841830557
4963,0.328687849642327
4964,0.431064525164017
4965,0.401441525461685
4966,0.53944330652064
4967,0.446015822807638
4968,0.399924838146459
4969,0.387836975392368
4970,0.339823726821391
4971,0.414043899379588
4972,0.394194763518041
4973,0.448221636533603
4974,0.433763966461878
4975,0.220339196519464
4976,0.510270957266435
4977,0.0839614863605487
4978,0.399091697225896
4979,0.535615483971948
4980,0.242575604815274
4981,0.209038631401006
4982,0.250064736891395
4983,0.804450587198767
4984,0.514978320724532
4985,0.443300646926957
4986,0.33217043666425
4987,0.505538864843276
4988,0.363666470879231
4989,0.358949352929369
4990,0.312583665638958
4991,0.448368519956419
4992,0.452663671599793
4993,0.0876197613096255
4994,0.423874624154771
4995,0.38256432925409
4996,0.474392642196131
4997,0.478064536415353
4998,0.430886299771388
4999,0.181280861818748
5000,0.511702169179564
5001,0.471326705761085
5002,0.338469621985792
5003,0.347912803529728
5004,0.532781127256881
5005,0.175267141912527
5006,0.398936595650601
5007,0.329975977285155
5008,0.44025971918449
5009,0.7617249301189
5010,0.544623973189353
5011,0.618156548600574
5012,0.348216106688617
5013,0.423928696680583
5014,0.345244497533774
5015,6.88508769805386e-07
5016,0.526431618292686
5017,0.492466861343465
5018,0.231545284611569
5019,0.407187638896536
5020,0.445953117396693
5021,0.251408388130455
5022,0.606857441937957
5023,0.433623178030165
5024,0.214348288365309
5025,0.328339162489469
5026,0.49588470970805
5027,0.299047769277555
5028,0.273860513424012
5029,0.471883531353446
5030,0.180565999533717
5031,0.234209058244977
5032,0.425226948096102
5033,0.433614808296863
5034,0.448925532255411
5035,0.309350396991982
5036,0.458948226544916
5037,0.438632195252306
5038,0.351458304867261
5039,0.414238077828882
5040,0.396265541021613
5041,0.412651322952381
5042,0.312872934832618
5043,0.405559321193952
5044,0.503330409387508
5045,0.807761482122319
5046,0.116802161636791
5047,0.317075411999167
5048,0.470792594717542
5049,0.515987965344648
5050,0.429635687612132
5051,0.391023858214971
5052,0.459963237277659
5053,0.570969368222028
5054,0.670799999300149
5055,0.450436547726318
5056,0.463335135798955
5057,0.438742967451028
5058,0.446171542123585
5059,0.415553901087507
5060,0.360072050368784
5061,0.150182111111343
5062,0.259464582767489
5063,0.505480581237925
5064,0.245781469687728
5065,0.369732794701834
5066,0.239660418951769
5067,0.141105743687404
5068,0.145690530580649
5069,0.264913136901361
5070,0.33459432827208
5071,0.425253875405015
5072,0.1588206752561
5073,0.743968436936512
5074,0.35338089628156
5075,0.495439872410612
5076,0.420189678224449
5077,0.348143562409459
5078,0.263833485609616
5079,0.421892392717034
5080,0.110948234768133
5081,0.622744309146896
5082,0.277425705379989
5083,0.338258027196732
5084,0.326325579937472
5085,0.446651299429792
5086,0.401726550200756
5087,0.212816070900701
5088,0.24293245438779
5089,0.305546093491173
5090,0.211745345253098
5091,0.448041250291708
5092,0.273880233896662
5093,0.361074757736607
5094,0.620227257112456
5095,0.541174060520955
5096,0.28453560434774
5097,0.272049545300274
5098,0.457889246199986
5099,0.1646579218948
5100,0.411943306181736
5101,0.139012075659327
5102,0.365411710323177
5103,0.13024716339079
5104,0.435774054730565
5105,0.376841180953285
5106,0.518638935433076
5107,0.420218637262291
5108,0.531237269892398
5109,0.450479153888531
5110,0.425393103528957
5111,0.354042298638148
5112,0.410563707826342
5113,0.403525635608007
5114,0.241582603720414
5115,0.468742439784484
5116,0.339058276741722
5117,0.284050469091457
5118,0.333569083457345
5119,0.165972734829599
5120,0.443673046414193
5121,0.49583745220743
5122,0.415720494912569
5123,0.495692211967723
5124,0.597781866588042
5125,0.138173456522376
5126,0.180630613260378
5127,0.465926393438328
5128,0.328652412023619
5129,0.290046665780252
5130,0.175786254953614
5131,0.248443154707846
5132,0.339432893737169
5133,0.289921315361002
5134,0.348938555422276
5135,0.32957223893646
5136,0.0806343125040487
5137,0.492673845180048
5138,0.39955799896738
5139,0.326896740189658
5140,0.43203110955873
5141,0.452219767041882
5142,0.32672492535566
5143,0.297163701417153
5144,0.295901561182221
5145,0.388649115439396
5146,0.235230658450194
5147,0.474243524837143
5148,0.553282140706307
5149,0.637348911069697
5150,0.165724462628757
5151,0.449725248106233
5152,0.517564868118452
5153,0.391534947853029
5154,0.433767750060912
5155,0.178048591267198
5156,0.243105666332337
5157,0.48279252165974
5158,0.176741829704476
5159,0.273676808719805
5160,0.361186310907307
5161,0.262592145814368
5162,0.478136000479504
5163,0.392006243363822
5164,0.275713842716097
5165,0.219702613515205
5166,0.439303858335757
5167,0.175418525566213
5168,0.462648649616953
5169,0.526493005294767
5170,0.31262938255974
5171,0.271202947884788
5172,0.367931040800068
5173,0.471389413752069
5174,0.268277216060291
5175,0.423050526137412
5176,0.363655850537254
5177,0.399464926119797
5178,0.350746888603979
5179,0.481769029630483
5180,0.172123554884941
5181,0.423931309206497
5182,0.297240228566883
5183,0.424568879169553
5184,0.374165780926104
5185,0.126654479859026
5186,0.479157160343993
5187,0.414974489366195
5188,0.428579000550374
5189,0.36082504688127
5190,0.143535533700066
5191,0.403791489331166
5192,0.225078504307333
5193,0.332100269708175
5194,0.46948618666388
5195,0.343188682226695
5196,0.445129110857861
5197,0.125068505828813
5198,0.536178335704189
5199,0.227223181549886
5200,0.603718429184531
5201,0.323828335454513
5202,0.375551676797187
5203,0.441757444588943
5204,0.403321170058556
5205,0.212021505273901
5206,0.281967888835838
5207,0.412843487060639
5208,0.50522814402104
5209,0.296470624154819
5210,0.36258116422617
5211,0.248771317399311
5212,0.402575251189537
5213,0.398647259914057
5214,0.219016538724398
5215,0.612715202783274
5216,0.376286992132016
5217,0.384404860314342
5218,0.395959901388242
5219,0.220076477717576
5220,0.522560655814533
5221,0.421753983222798
5222,0.440190904043423
5223,0.525853073745294
5224,0.0878618881341732
5225,0.448477429151977
5226,0.419335620834536
5227,0.25193249876796
5228,0.458818396655544
5229,0.508081781215267
5230,0.267967454721206
5231,0.218686763233444
5232,0.545215157947761
5233,0.316706048226635
5234,0.224222857437528
5235,0.348397580649952
5236,0.133582739744411
5237,0.411875297362
5238,0.446265252535156
5239,0.0819299497469268
5240,0.325386237401439
5241,0.448023525252037
5242,0.252193670604467
5243,0.267412889265234
5244,0.283092727843543
5245,0.139198529802642
5246,0.574023020732796
5247,0.254681081056548
5248,0.764683825988806
5249,0.401229386665422
5250,0.348588163963051
5251,0.358009914317957
5252,0.261645653394275
5253,0.32622024317832
5254,0.295666253782824
5255,0.334658061451382
5256,0.45699485746064
5257,0.461831416635249
5258,0.450446434174352
5259,0.167981214157614
5260,0.370768950152476
5261,0.435568822033232
5262,0.171083122481001
5263,0.147763042667648
5264,0.764390247731782
5265,0.60264204979042
5266,0.510557285706327
5267,0.214561132500772
5268,0.561216364485342
5269,0.122704301085899
5270,0.241440598105006
5271,0.431320554474338
5272,0.496030902314687
5273,0.220219815380577
5274,0.328983007509373
5275,0.765970206378102
5276,0.514224165446776
5277,0.110769246575974
5278,0.287167063133298
5279,0.490585578028154
5280,0.220246759889385
5281,0.506866007871045
5282,0.311671355839454
5283,0.236447484591208
5284,0.295423909688142
5285,0.230263734775703
5286,0.452932162849889
5287,0.568832546768546
5288,0.428383194296839
5289,0.446855518999816
5290,0.251910630172942
5291,0.387790104784895
5292,0.189520118533409
5293,0.460960003422824
5294,0.832919621076035
5295,0.0725385094613853
5296,0.427078101512098
5297,0.418867851145525
5298,0.3836072866689
5299,0.41776837414637
5300,0.271132871223532
5301,0.288132633426914
5302,0.260578565505948
5303,0.482701121768415
5304,0.2205318632717
5305,0.217426768788554
5306,0.395890432598317
5307,0.431349110650581
5308,0.417298881452545
5309,0.50535134905015
5310,0.133199247065649
5311,0.610461534575722
5312,0.158721504717302
5313,0.226453315208168
5314,0.532104980124058
5315,0.222072743766844
5316,0.270636667148462
5317,0.102310572553204
5318,0.503983818634842
5319,0.210819405376906
5320,0.432985323154396
5321,0.314785603679849
5322,0.191365242411708
5323,0.423812809311006
5324,0.449544101220979
5325,0.467837139958539
5326,0.442687312168058
5327,0.447732159935153
5328,0.370269623745948
5329,0.613677142232697
5330,0.420810195021142
5331,0.104440196021387
5332,0.395725157074783
5333,0.333174592168533
5334,0.447940944944862
5335,0.412597115148669
5336,0.416664334258026
5337,0.381993244737607
5338,0.318498823619801
5339,0.37831359044153
5340,0.192548460794239
5341,0.143603129688939
5342,0.713319057715254
5343,0.469174341275406
5344,0.24361386338055
5345,0.380389612044925
5346,0.53534246774953
5347,0.423777130165928
5348,0.0601769450872166
5349,0.289274237240373
5350,0.231289425485591
5351,0.365010249163944
5352,0.506786250670469
5353,0.429863564689701
5354,0.517303839822151
5355,0.526347697329449
5356,0.777988974104018
5357,0.574487332023247
5358,0.447370670286905
5359,0.355400644856803
5360,0.467039665708091
5361,0.327034425940656
5362,0.418431878422459
5363,0.508201817019707
5364,0.304548631768535
5365,0.450416078466445
5366,0.499433145894127
5367,0.803911511810976
5368,0.503421967172385
5369,0.220101282026581
5370,0.247506938800754
5371,0.447040165493575
5372,0.451657817038054
5373,0.459025515875526
5374,0.246789077841242
5375,0.178471966194089
5376,0.853642078382376
5377,0.459493642206739
5378,0.180232808355831
5379,0.123036751994503
5380,0.763579528152769
5381,0.418480424902831
5382,0.348254872592718
5383,0.198564735824388
5384,0.464506872601003
5385,0.230551135243689
5386,0.176838232166257
5387,0.652221941493156
5388,0.393096111546052
5389,0.448222497284177
5390,0.642781953079552
5391,0.276780418030599
5392,0.220578616050317
5393,0.217723812794009
5394,0.412423762218762
5395,0.434004739189533
5396,0.398832262995889
5397,0.247183382767906
5398,0.121735512331572
5399,0.123514728024345
5400,0.255285419492033
5401,0.403421566347615
5402,0.305539192965214
5403,0.0279462518027622
5404,0.260857770530113
5405,0.145747931670161
5406,0.47970357315475
5407,0.308604620238096
5408,0.0369771883093238
5409,0.300748487465256
5410,0.525712480623457
5411,0.252393904917714
5412,0.307086115669736
5413,0.0652203987438752
5414,0.185233327887778
5415,0.315637686539415
5416,0.450337685399932
5417,0.273771328632841
5418,0.480262343581218
5419,0.374837063425393
5420,0.830495335144398
5421,0.180663198160391
5422,0.397263090016444
5423,0.267373307545953
5424,0.765023478195974
5425,0.393886729192969
5426,0.298668235044477
5427,0.483108885939449
5428,0.204759578301065
5429,0.611324840598545
5430,0.271370812221343
5431,0.421600915069863
5432,0.155507512347908
5433,0.418064110056709
5434,0.462271653023742
5435,0.164231485992603
5436,0.17621405945563
5437,0.802379551209408
5438,1.35063907968788e-06
5439,0.339519705537562
5440,0.632498276777937
5441,0.379833377133734
5442,0.553953762748372
5443,0.344296307300864
5444,0.394915439925582
5445,0.377209921021828
5446,0.179495919921967
5447,0.255303453395643
5448,0.454887668546696
5449,0.463257473024632
5450,0.729807642968343
5451,0.378940935735359
5452,0.399358620197578
5453,0.182446695198811
5454,0.289409550443787
5455,0.235181288614515
5456,0.351253961661318
5457,0.200605213841966
5458,0.272586578913064
5459,0.420187940699649
5460,0.576114512782831
5461,0.422033168636839
5462,0.811248860033531
5463,0.690919624974833
5464,0.290347236998593
5465,0.219523488804373
5466,0.234519848701198
5467,0.226017986134854
5468,0.429486944990464
5469,0.453762941301972
5470,0.418260002091405
5471,0.465720973261104
5472,0.232000054884945
5473,0.344744820665981
5474,0.338522180921847
5475,0.13880960758561
5476,0.410064885408846
5477,0.307254385629502
5478,0.323650566950947
5479,0.153162123740476
5480,0.341901091742407
5481,0.458399960015342
5482,0.438607294387901
5483,0.192687551955212
5484,0.26778658866658
5485,0.35946862808231
5486,0.242676378705794
5487,0.324484361390739
5488,0.297328601979767
5489,0.21973788730089
5490,0.509602808004239
5491,0.393837303337332
5492,0.268762997190687
5493,0.216702038758897
5494,0.360283038134624
5495,0.535019257861384
5496,0.518489658704122
5497,0.474162934862186
5498,0.383004059879205
5499,0.406172544777411
5500,0.195406159623808
5501,0.342845484710643
5502,0.44617351057078
5503,0.135610412460806
5504,0.296462788232662
5505,0.443466406399091
5506,0.268194137547561
5507,0.492722120681004
5508,0.529844798021975
5509,0.420217508974329
5510,0.386371922500519
5511,0.326405622068785
5512,0.245929983371671
5513,0.423910432340418
5514,0.420975305331032
5515,0.352788581418907
5516,0.367181310914082
5517,0.444691155801915
5518,0.564788140158792
5519,0.502659020941435
5520,0.494024686747988
5521,0.211361948640694
5522,0.421573847351914
5523,0.61836468321251
5524,0.331578947648899
5525,0.493529119308358
5526,0.53287833940679
5527,0.28958142174201
5528,0.445406112884472
5529,0.395394608211239
5530,0.430101318492054
5531,0.413915402870176
5532,0.584271343703673
5533,0.482731977276856
5534,0.281019354491938
5535,0.0474791479783018
5536,0.329287880389279
5537,0.125659448769603
5538,0.40129095973296
5539,0.420607502072369
5540,0.444337582967441
5541,0.449052568723266
5542,0.627406108099327
5543,0.358831243641407
5544,0.483369109579045
5545,0.218476888890847
5546,0.277457976787951
5547,0.358251605950779
5548,0.302571159552806
5549,0.0874912774783506
5550,0.287852695623752
5551,0.228239445577681
5552,0.264973170343531
5553,0.399450471719337
5554,0.543550172534804
5555,0.266328559459958
5556,0.425536875636712
5557,0.495854995848846
5558,0.433885248715937
5559,0.32719729442956
5560,0.254333884920373
5561,0.510895557937999
5562,0.447880419356485
5563,0.261861518628306
5564,0.457707643391895
5565,0.437941675723609
5566,0.349224129047078
5567,0.282135412865507
5568,0.232352813322015
5569,0.417412012738548
5570,0.764698369926021
5571,0.422288261226711
5572,0.321963689656585
5573,0.448381562725338
5574,0.267216339917479
5575,0.325261263566424
5576,0.396712966283112
5577,0.279295006668685
5578,0.405167629421597
5579,0.421710476092708
5580,0.361582648578173
5581,0.339286198576502
5582,0.628378712632167
5583,0.239192017168273
5584,0.43509373675961
5585,0.297456524244981
5586,0.300056069874138
5587,0.423767470575747
5588,0.247522268885515
5589,0.77816325262745
5590,0.453970728067477
5591,0.429627713003118
5592,0.384798665789832
5593,0.338979977642102
5594,0.288972872779721
5595,0.515343576537211
5596,0.511854011745341
5597,0.495818863835523
5598,0.133896283877255
5599,0.421678858758076
5600,0.51875900542306
5601,0.448052849655806
5602,0.261847632613094
5603,0.505885615851273
5604,0.535495115500606
5605,0.636823892679991
5606,0.447766799250609
5607,0.166375898758603
5608,0.288325127848714
5609,0.515693479632539
5610,0.534270272350534
5611,0.224529490414023
5612,0.415157077270339
5613,0.347783544899685
5614,0.586801444641824
5615,0.303752129368082
5616,0.428886729521235
5617,0.394712794502735
5618,0.452590045989426
5619,0.448866443047943
5620,0.39673864484199
5621,0.405205786074146
5622,0.464602080935452
5623,0.266022043929599
5624,0.227664022746439
5625,0.396467678768244
5626,0.397396938724887
5627,0.167977127919259
5628,0.220233989530329
5629,0.314591287933557
5630,0.468250240442138
5631,0.315377977168447
5632,0.49368954215185
5633,0.420797600012874
5634,0.146574791889574
5635,0.216072000477899
5636,0.729436157019343
5637,0.351000649802007
5638,0.439684028743445
5639,0.404011667483074
5640,0.497289201728495
5641,0.273316874260003
5642,0.208547413626508
5643,0.296976956628124
5644,0.764667912497521
5645,0.304371894658733
5646,0.501763947038985
5647,0.429653347407184
5648,0.247503433880227
5649,0.328975325183151
5650,0.219480430013465
5651,0.365952157956405
5652,0.509079095164234
5653,0.273861708682866
5654,0.318441378772298
5655,0.421049148966121
5656,0.549816920047988
5657,0.310842581820286
5658,0.147402558684074
5659,0.576311050742864
5660,0.0573497030608118
5661,0.332340155817221
5662,0.312616255647072
5663,0.453337647575616
5664,0.662041395609624
5665,0.440992395954792
5666,0.401438452272552
5667,0.457098004864535
5668,0.115914825642536
5669,0.337333006652217
5670,0.0637271339480876
5671,0.416636719220405
5672,0.272005104866961
5673,0.151906926493543
5674,0.555161153977204
5675,0.378362172749465
5676,0.212259434885749
5677,0.400393127266506
5678,0.549300958322281
5679,0.431238755234796
5680,0.300696576626201
5681,0.411391946866827
5682,0.128399725239804
5683,0.237128097105983
5684,0.430862339770309
5685,0.423445207235274
5686,0.408122738313285
5687,0.479600300490559
5688,0.492724895596413
5689,0.448126008137126
5690,0.554774127516563
5691,0.383500764461475
5692,0.505819822007764
5693,0.389013071283596
5694,0.356701930565455
5695,0.444814602860751
5696,0.328714088164705
5697,0.667362664294546
5698,0.512812960130194
5699,0.174785789781016
5700,0.342898144408913
5701,0.164593191577888
5702,0.49915984478339
5703,0.416873140713533
5704,0.0707371019143417
5705,0.32610944284213
5706,0.597724249172807
5707,0.174288419634199
5708,0.401440383011289
5709,0.59669285426446
5710,0.482430060035535
5711,0.397887375345173
5712,0.143733891914046
5713,0.537938247220365
5714,0.291368466809348
5715,0.459275237358516
5716,0.393425011362633
5717,0.391432846747785
5718,0.375776196029439
5719,0.505014212084406
5720,0.116440966414772
5721,0.399326430206211
5722,0.290130003424707
5723,0.341226010714314
5724,0.124786459290309
5725,0.301909353561919
5726,0.299238540661196
5727,0.0294461622777897
5728,0.395092883708835
5729,0.280689382619053
5730,0.412309921360714
5731,0.366573160629968
5732,0.505062228081657
5733,0.484079895663147
5734,0.450469031916791
5735,0.17095421756554
5736,0.494800574933324
5737,0.505901113504486
5738,0.206014147375459
5739,0.352815913347978
5740,0.369165453836578
5741,0.405830809950626
5742,0.273799688572375
5743,0.451293444342623
5744,0.470446680398347
5745,0.469734376646258
5746,0.206894687769516
5747,0.138637431185985
5748,0.303565850581942
5749,0.367489625097129
5750,0.437919058347906
5751,0.478126859489075
5752,0.321229130703786
5753,0.32462543115828
5754,0.369479549700822
5755,0.210947002773226
5756,0.219966389147566
5757,0.462550794256604
5758,0.441409376847781
5759,0.328553222241564
5760,0.302980366170235
5761,0.29467949717884
5762,0.37849289038415
5763,0.250484845516082
5764,0.20705286441972
5765,0.408469775439625
5766,0.178624592068428
5767,0.132886268744267
5768,0.421153323857896
5769,0.493194595826181
5770,0.551232705656047
5771,0.44549289793384
5772,0.305825285064395
5773,0.260681603450386
5774,0.2988245404459
5775,0.777743695523876
5776,0.375550045295772
5777,0.597844511031123
5778,0.458272643404099
5779,0.492185985279681
5780,0.423819484441195
5781,0.346372125205234
5782,0.536420173189533
5783,0.328055124084825
5784,0.156948946636681
5785,0.369647239576155
5786,0.273653181919462
5787,0.30724517650843
5788,0.29530142536452
5789,0.163995759367563
5790,0.348981099532001
5791,0.299579748890827
5792,0.419389753217463
5793,0.328629119647952
5794,0.410575311836581
5795,0.456987936903029
5796,0.163451751949519
5797,0.401457291386493
5798,0.319962263294707
5799,0.505579939006631
5800,0.231565331778344
5801,0.136165116999423
5802,0.273724066134119
5803,0.219975421597398
5804,0.496033279435917
5805,0.328687308307018
5806,0.316877094912152
5807,0.347435057758303
5808,0.409959530044044
5809,0.412254324802649
5810,0.394239168373361
5811,0.307237160849126
5812,0.827631324339639
5813,0.425648431631056
5814,0.409203291239231
5815,0.272237902668942
5816,0.263171282697868
5817,0.220589079183588
5818,0.488662678481359
5819,0.324416994383761
5820,0.450466913369755
5821,0.46658524345253
5822,0.505606466030469
5823,0.303187543822369
5824,0.184748806541801
5825,0.37147327501523
5826,0.446191215781981
5827,0.436977725545407
5828,0.306640230120694
5829,0.235799660254843
5830,0.50965931551739
5831,0.80885535751148
5832,0.45261098647549
5833,0.561882188544606
5834,0.357775238766048
5835,0.367883157181537
5836,0.831206824819084
5837,0.182463716303227
5838,0.516255394621176
5839,0.525520860167658
5840,0.419616199000033
5841,0.847025046815601
5842,0.51943249856376
5843,0.448102474963072
5844,0.151081893745364
5845,0.471365505247264
5846,0.280684133666087
5847,0.333828362201988
5848,0.243701133646525
5849,0.308832434323893
5850,0.364924410250064
5851,0.323498446134464
5852,0.346813232230176
5853,0.250014739231971
5854,0.263396936355831
5855,0.446301623246865
5856,0.291788975672712
5857,0.133848780544807
5858,0.088966176701751
5859,0.445120808267913
5860,0.42924803108557
5861,0.304219295474664
5862,0.215270894199367
5863,0.248755679197903
5864,0.61553578380231
5865,0.210277517247896
5866,0.671828188611961
5867,0.222692638612998
5868,0.551361884327571
5869,0.509540112788362
5870,0.225693295491062
5871,0.447769150579019
5872,0.397987525639609
5873,0.486930749474912
5874,0.348890976013356
5875,0.412379819436619
5876,0.450464794824515
5877,0.495825282018921
5878,0.615582754089385
5879,0.439198326703209
5880,0.671817616084008
5881,0.607296800852531
5882,0.268929938113522
5883,0.29190954946826
5884,0.135917663280062
5885,0.38720096151034
5886,0.194788468756586
5887,0.814178872706513
5888,0.0913019208028646
5889,0.830091358511572
5890,0.307169687722293
5891,0.531396735077464
5892,0.307074177838653
5893,0.408233035550087
5894,0.463117459143204
5895,0.399383602205591
5896,0.457545507985916
5897,0.393685145771439
5898,0.0778380259177402
5899,0.169600264997177
5900,0.18838938970477
5901,0.385659608378968
5902,0.492870411159055
5903,0.392559432033917
5904,0.246790190093516
5905,0.596470801520855
5906,0.43218806586029
5907,0.513976750042307
5908,0.307144999260899
5909,0.35308860682697
5910,0.175605727206615
5911,0.365628210890325
5912,0.418697378247433
5913,0.324241829851662
5914,0.178559808613104
5915,0.324851481851883
5916,0.436530569614289
5917,0.615894462681769
5918,0.705865707962467
5919,0.483872449149675
5920,0.254180816696166
5921,0.252622001641708
5922,0.241463660231833
5923,0.454496768464262
5924,0.743585851279454
5925,0.102751667493083
5926,0.427147021533393
5927,0.420193964127413
5928,0.154940299196617
5929,0.204903402258996
5930,0.322391497429173
5931,0.160656704436937
5932,0.401440383011289
5933,0.0547142136581643
5934,0.488183138191043
5935,0.464377792618846
5936,0.330093206272298
5937,0.999998085637138
5938,0.423572839834531
5939,0.48671457895251
5940,0.265097258008783
5941,0.396087123603817
5942,0.373857840221961
5943,0.512439829340173
5944,0.300032436513729
5945,0.22539762952188
5946,0.114833290298921
5947,0.192046499980969
5948,0.503246019919146
5949,0.321676767404697
5950,0.523967095206029
5951,0.415266520724661
5952,0.434101496791625
5953,0.284941813909782
5954,0.135937121691914
5955,0.324562899248097
5956,0.42045866202183
5957,0.724987575421749
5958,0.393263395885404
5959,0.162439493495868
5960,0.442288801090825
5961,0.327589885624029
5962,0.517278802252377
5963,0.301762824457238
5964,0.552910297500858
5965,0.2250525256474
5966,0.860896891124984
5967,0.613693486431222
5968,0.45040830094763
5969,0.475951577114615
5970,0.397461704866016
5971,0.597734766838876
5972,0.404783707098445
5973,0.282216647296841
5974,0.637332646565662
5975,0.803823806013346
5976,0.362827341422506
5977,0.60818597484201
5978,0.495978605693211
5979,0.762574261105696
5980,0.464536052766368
5981,0.448319731169712
