"ID","Reached.on.Time_Y.N"
1,2
4,2
6,2
7,2
10,2
13,2
14,2
15,2
18,2
20,2
21,2
22,2
24,2
25,2
28,2
30,2
32,2
37,2
40,2
44,2
45,2
47,2
48,2
49,2
50,2
53,2
54,2
57,2
58,2
59,2
62,2
63,2
66,2
67,2
69,2
70,2
73,2
74,2
76,2
78,2
80,2
81,2
82,2
83,2
85,2
89,2
90,2
91,2
97,2
99,2
100,2
102,2
104,2
107,2
109,2
111,2
112,2
113,2
115,2
116,2
118,2
119,2
120,2
121,2
123,2
128,2
130,2
132,2
133,2
136,2
137,2
138,2
140,2
141,2
142,2
145,2
147,2
153,2
154,2
155,2
156,2
159,2
160,2
166,2
167,2
168,2
171,2
172,2
173,2
174,2
175,2
180,2
181,2
182,2
186,2
188,2
189,2
190,2
191,2
192,2
193,2
198,2
200,2
201,2
202,2
204,2
207,2
209,2
210,2
212,2
215,2
216,2
218,2
219,2
220,2
221,2
222,2
225,2
227,2
229,2
232,2
238,2
240,2
242,2
243,2
246,2
249,2
254,2
258,2
260,2
261,2
262,2
265,1
266,2
268,2
269,2
270,2
271,2
279,2
281,2
283,2
284,2
285,2
286,2
287,2
289,2
291,2
292,2
294,2
296,2
297,2
301,2
302,2
303,2
304,2
307,2
308,2
310,2
311,2
312,2
313,2
316,2
318,2
319,2
320,2
321,2
322,2
323,2
327,2
329,2
333,2
336,2
340,2
341,2
342,2
344,2
346,2
347,2
350,2
352,2
353,2
356,2
358,2
363,2
364,2
366,2
367,2
368,2
369,2
370,2
374,2
376,2
380,2
381,2
382,2
383,2
384,2
386,2
388,2
389,2
390,2
391,2
392,2
393,2
395,2
396,2
398,2
399,2
400,2
401,2
404,2
405,2
407,2
411,2
412,2
413,2
415,2
416,2
418,2
424,2
425,2
431,2
435,2
437,2
440,2
442,2
443,2
449,2
450,2
453,2
454,2
457,2
461,2
462,2
464,2
466,2
470,2
471,2
475,2
476,2
477,2
479,2
481,2
482,2
484,2
487,2
491,2
492,2
496,2
497,2
499,2
500,2
501,2
505,2
507,2
509,2
510,2
511,2
512,2
518,2
521,2
524,2
525,2
526,2
527,2
528,2
529,2
530,2
532,2
533,2
536,2
538,2
540,2
542,2
543,2
544,2
545,2
546,2
547,2
548,2
549,2
550,2
551,2
554,2
555,2
557,2
558,2
559,2
566,2
568,2
569,2
570,2
571,2
572,2
574,2
576,2
577,2
579,2
584,2
586,2
588,2
589,2
592,2
593,2
595,2
599,2
600,2
601,2
604,2
605,2
607,2
609,2
610,2
612,2
616,2
617,2
620,2
625,2
628,2
631,2
635,2
637,2
638,2
639,2
640,2
642,2
646,2
649,2
650,2
651,2
652,2
653,2
656,2
660,2
661,2
663,2
666,2
670,2
671,2
672,2
674,2
678,2
679,2
680,2
681,2
684,2
685,2
686,2
687,2
688,2
690,2
691,2
694,2
698,2
700,2
701,2
705,2
707,2
708,2
710,2
711,2
713,2
716,2
721,2
725,2
726,2
727,2
728,2
730,2
732,2
736,2
737,2
738,2
742,2
743,2
747,2
749,2
751,2
752,2
753,2
755,2
757,2
761,2
763,2
767,2
769,2
770,2
771,2
772,2
773,2
777,2
781,2
782,2
785,2
787,2
788,2
789,2
790,2
791,2
795,2
798,2
799,2
800,2
802,2
810,2
811,2
812,2
815,2
816,2
819,2
820,2
821,2
822,2
823,2
824,2
825,2
827,2
828,2
831,2
832,2
833,2
836,2
837,2
838,2
839,2
843,2
844,2
845,2
847,2
851,2
852,2
853,2
854,2
856,2
857,2
860,2
861,2
862,2
866,2
867,2
869,2
870,2
872,2
877,2
879,2
881,2
882,2
884,2
887,2
890,2
894,2
901,2
902,2
904,2
908,2
909,2
911,2
914,2
915,2
917,2
918,2
920,2
922,2
924,2
925,2
926,2
927,2
928,2
929,2
931,2
937,2
938,2
940,2
941,2
943,2
944,2
945,2
947,2
948,2
949,2
952,2
954,2
955,2
958,2
964,2
968,2
969,2
972,2
974,2
976,2
978,2
979,2
980,2
981,2
982,2
987,2
991,2
996,2
999,2
1000,2
1002,2
1003,2
1004,2
1006,2
1007,2
1008,2
1011,2
1012,2
1013,2
1016,2
1017,2
1018,2
1019,2
1021,2
1027,2
1028,2
1031,2
1033,2
1035,2
1040,2
1046,2
1047,2
1049,2
1051,2
1053,2
1055,2
1056,2
1058,2
1059,2
1060,2
1061,2
1062,2
1066,2
1068,2
1072,2
1073,2
1074,2
1076,2
1077,2
1078,2
1081,2
1084,2
1085,2
1097,2
1099,2
1101,2
1105,2
1106,2
1107,2
1108,2
1111,2
1114,2
1117,2
1120,2
1124,2
1128,2
1129,2
1131,2
1133,2
1134,2
1136,2
1138,2
1140,2
1141,2
1142,2
1144,2
1145,2
1146,2
1148,2
1149,2
1152,2
1153,2
1154,2
1155,2
1158,2
1162,2
1163,2
1166,2
1169,2
1173,2
1179,2
1180,2
1181,2
1182,2
1183,2
1186,2
1187,2
1188,2
1190,2
1193,2
1194,2
1197,2
1199,2
1201,2
1204,2
1205,2
1207,2
1210,2
1211,2
1212,2
1213,2
1215,2
1218,2
1221,2
1223,2
1227,2
1228,2
1229,2
1231,2
1236,2
1238,2
1239,2
1247,2
1250,2
1251,2
1252,2
1253,2
1254,2
1256,2
1258,2
1260,2
1261,2
1262,2
1264,2
1265,2
1266,2
1267,2
1270,2
1273,2
1275,2
1278,2
1285,2
1287,2
1288,2
1290,2
1291,2
1292,2
1294,2
1295,2
1296,2
1297,2
1298,2
1299,2
1300,2
1306,2
1307,2
1310,2
1311,2
1314,2
1315,2
1316,2
1319,2
1322,2
1324,2
1328,2
1331,2
1332,2
1336,2
1337,2
1340,2
1341,2
1343,2
1349,2
1350,2
1354,2
1355,2
1356,2
1358,2
1360,2
1363,2
1364,2
1367,2
1369,2
1371,2
1372,2
1373,2
1374,2
1377,2
1378,2
1381,2
1382,2
1383,2
1384,2
1388,2
1390,2
1399,2
1400,2
1401,2
1402,2
1404,2
1407,2
1409,2
1410,2
1413,2
1415,2
1416,2
1417,2
1419,2
1422,2
1423,2
1426,2
1427,2
1428,2
1429,2
1434,2
1435,2
1436,2
1439,2
1440,2
1442,2
1446,2
1447,2
1448,2
1449,2
1450,2
1452,2
1453,2
1457,2
1458,2
1460,2
1463,2
1464,2
1468,2
1471,2
1472,2
1474,2
1477,2
1479,2
1480,2
1481,2
1485,2
1486,2
1487,2
1488,2
1490,2
1492,2
1493,2
1494,2
1495,2
1499,2
1500,2
1501,2
1502,2
1505,2
1506,2
1510,2
1512,2
1514,2
1515,2
1519,2
1520,2
1521,2
1522,2
1525,2
1533,2
1534,2
1536,2
1538,2
1539,2
1544,2
1547,2
1548,2
1549,2
1550,2
1551,2
1552,2
1554,2
1555,2
1556,2
1559,2
1560,2
1561,2
1562,2
1563,2
1566,2
1567,2
1570,2
1571,2
1573,2
1574,2
1575,2
1577,2
1580,2
1581,2
1582,2
1583,2
1587,2
1589,2
1590,2
1591,2
1595,2
1596,2
1597,2
1599,2
1600,2
1602,2
1603,2
1605,2
1607,2
1611,2
1612,2
1613,2
1614,2
1615,2
1617,2
1619,2
1620,2
1621,2
1622,2
1624,2
1626,2
1628,2
1629,2
1630,2
1631,2
1632,2
1633,2
1634,2
1635,2
1636,2
1638,2
1643,2
1644,2
1647,2
1649,2
1652,2
1653,2
1657,2
1662,2
1664,2
1666,2
1667,2
1668,2
1671,2
1674,2
1675,2
1676,2
1677,2
1681,2
1683,2
1684,2
1685,2
1686,2
1688,2
1692,2
1693,2
1694,2
1695,2
1696,2
1699,2
1700,2
1703,2
1704,2
1706,2
1709,2
1711,2
1712,2
1713,2
1715,2
1720,2
1722,2
1723,2
1726,2
1727,2
1730,2
1731,2
1732,2
1734,2
1736,2
1737,2
1740,2
1741,2
1743,2
1744,2
1748,2
1750,2
1751,2
1754,2
1755,2
1759,2
1760,2
1765,2
1766,2
1767,2
1768,2
1770,2
1774,2
1775,2
1777,2
1778,2
1779,2
1782,2
1784,2
1786,2
1788,2
1790,2
1791,2
1795,2
1796,2
1797,2
1798,2
1800,2
1801,2
1802,2
1803,2
1804,2
1809,2
1811,2
1812,2
1814,2
1818,2
1822,2
1824,2
1829,2
1831,2
1833,2
1835,2
1836,2
1838,2
1839,2
1840,2
1841,2
1849,2
1850,2
1851,2
1852,2
1854,2
1856,2
1857,2
1858,2
1862,2
1865,2
1866,2
1867,2
1868,2
1869,2
1874,2
1878,2
1879,2
1880,2
1881,2
1883,2
1885,2
1886,2
1887,2
1889,2
1890,2
1891,2
1892,2
1893,2
1894,2
1895,2
1904,2
1905,2
1908,2
1909,2
1910,2
1913,2
1916,2
1917,2
1918,2
1919,2
1920,2
1921,2
1922,2
1925,2
1929,2
1930,2
1931,2
1934,2
1936,2
1938,2
1943,2
1945,2
1946,2
1948,2
1950,2
1951,2
1955,2
1956,2
1957,2
1958,2
1961,2
1962,2
1963,2
1965,2
1967,2
1969,2
1972,2
1974,2
1975,2
1980,2
1981,2
1983,2
1986,2
1987,2
1991,2
1992,2
1994,2
1997,2
1998,2
2001,2
2002,2
2005,2
2006,2
2008,2
2009,2
2011,2
2012,2
2013,2
2014,2
2015,2
2016,2
2017,2
2018,2
2021,2
2022,2
2023,2
2025,2
2026,2
2032,2
2033,2
2034,2
2035,2
2036,2
2037,2
2039,2
2040,2
2041,2
2042,2
2043,2
2044,2
2045,2
2046,2
2048,2
2049,2
2050,2
2051,2
2057,2
2059,2
2060,2
2061,2
2064,2
2065,2
2068,2
2069,2
2070,2
2071,2
2072,2
2074,2
2076,2
2077,2
2079,2
2080,2
2081,2
2082,2
2085,2
2086,2
2087,2
2088,2
2093,2
2094,2
2099,2
2102,2
2105,2
2107,2
2108,2
2111,2
2114,2
2115,2
2116,2
2120,2
2124,2
2125,2
2126,2
2129,2
2132,2
2134,2
2135,2
2136,2
2138,2
2139,2
2146,2
2151,2
2152,2
2153,2
2155,2
2158,2
2162,2
2164,2
2167,2
2168,2
2170,2
2173,2
2174,2
2175,2
2176,2
2177,2
2179,2
2181,2
2182,2
2183,2
2185,2
2186,2
2189,2
2190,2
2194,2
2196,2
2197,2
2198,2
2199,2
2200,2
2201,2
2206,2
2210,2
2212,2
2213,2
2217,2
2219,2
2220,2
2223,2
2226,2
2227,2
2229,2
2231,2
2232,2
2235,2
2236,2
2237,2
2238,2
2241,2
2244,2
2245,2
2246,2
2247,2
2251,2
2255,2
2259,2
2260,2
2262,2
2263,2
2275,2
2276,2
2280,2
2283,2
2284,2
2287,2
2288,2
2289,2
2291,2
2292,2
2293,2
2295,2
2296,2
2297,2
2298,2
2302,2
2303,2
2305,2
2306,2
2307,2
2308,2
2310,2
2312,2
2315,2
2318,2
2319,2
2322,2
2323,2
2325,2
2326,2
2330,2
2331,2
2332,2
2334,2
2336,2
2337,2
2338,2
2343,2
2344,2
2349,2
2354,2
2355,2
2358,2
2361,2
2362,2
2364,2
2367,2
2371,2
2373,2
2374,2
2375,2
2376,2
2377,2
2379,2
2383,2
2385,2
2386,2
2387,2
2388,2
2390,2
2392,2
2393,2
2394,2
2400,2
2402,2
2404,2
2407,2
2408,2
2409,2
2410,2
2413,2
2414,2
2415,2
2418,2
2419,2
2420,2
2422,2
2424,2
2425,2
2426,2
2427,2
2429,2
2430,2
2432,2
2433,2
2435,2
2436,2
2438,2
2439,2
2442,2
2444,2
2445,2
2447,2
2451,2
2452,2
2453,2
2454,2
2456,2
2460,2
2461,2
2462,2
2464,2
2467,2
2469,2
2471,2
2473,2
2474,2
2475,2
2476,2
2478,2
2480,2
2481,2
2483,2
2485,2
2487,2
2488,2
2489,2
2490,2
2494,2
2496,2
2498,2
2499,2
2506,2
2510,2
2516,2
2517,2
2518,2
2523,2
2524,2
2526,2
2530,2
2532,2
2535,2
2536,2
2537,2
2538,2
2540,2
2541,2
2542,2
2544,2
2545,2
2546,2
2548,2
2552,2
2553,2
2557,2
2558,2
2559,2
2560,2
2563,2
2565,2
2566,2
2567,2
2570,2
2572,2
2575,2
2580,2
2582,2
2583,2
2584,2
2585,2
2586,2
2588,2
2590,2
2591,2
2592,2
2595,2
2597,2
2598,2
2599,2
2602,2
2604,2
2605,2
2606,2
2607,2
2611,2
2613,2
2617,2
2619,2
2623,2
2631,2
2632,2
2635,2
2638,2
2639,2
2640,2
2642,2
2646,2
2647,2
2651,2
2652,2
2653,2
2656,2
2657,2
2660,2
2663,2
2666,2
2667,2
2669,2
2671,2
2672,2
2673,2
2677,2
2678,2
2679,2
2683,2
2684,2
2686,2
2688,2
2689,2
2690,2
2691,2
2692,2
2693,2
2696,2
2698,2
2699,2
2701,2
2704,2
2706,2
2707,2
2708,2
2710,2
2712,2
2713,2
2715,2
2716,2
2717,2
2718,2
2719,2
2721,2
2722,2
2723,2
2726,2
2728,2
2729,2
2730,2
2735,2
2736,2
2738,2
2739,2
2740,2
2741,2
2742,2
2743,2
2746,2
2747,2
2748,2
2750,2
2753,2
2754,2
2756,2
2757,2
2761,2
2762,2
2764,2
2765,2
2766,2
2769,2
2771,2
2779,2
2780,2
2781,2
2782,2
2790,2
2792,2
2794,2
2796,2
2800,2
2801,2
2802,2
2804,2
2806,2
2807,2
2812,2
2820,2
2826,2
2833,2
2834,2
2835,2
2836,2
2838,2
2839,2
2843,2
2844,2
2845,2
2848,2
2850,2
2851,2
2852,2
2853,2
2855,2
2857,2
2859,2
2860,2
2862,2
2863,2
2865,2
2866,2
2867,2
2869,2
2871,2
2873,2
2874,2
2875,2
2876,2
2877,2
2878,2
2882,2
2883,2
2884,2
2885,2
2887,2
2888,2
2889,2
2890,2
2892,2
2894,2
2896,2
2899,2
2900,2
2901,2
2903,2
2906,2
2907,2
2910,2
2911,2
2912,2
2914,2
2915,2
2916,2
2921,2
2922,2
2923,2
2928,2
2931,2
2932,2
2933,2
2937,2
2939,2
2943,2
2944,2
2948,2
2950,2
2951,2
2955,2
2958,2
2966,2
2969,2
2971,2
2973,2
2976,2
2978,2
2979,2
2980,2
2981,2
2983,2
2984,2
2991,2
3001,2
3002,2
3007,2
3009,2
3010,2
3011,2
3013,2
3014,2
3015,2
3023,2
3024,2
3025,2
3027,2
3029,2
3036,2
3040,2
3043,2
3044,2
3045,2
3046,2
3049,2
3054,2
3055,2
3057,2
3060,2
3063,2
3065,2
3066,2
3069,2
3070,2
3073,2
3077,2
3078,2
3083,2
3084,2
3087,2
3088,2
3090,2
3094,2
3095,2
3097,2
3098,2
3099,2
3100,2
3104,2
3105,2
3106,2
3107,2
3108,2
3109,2
3110,2
3113,2
3114,2
3116,2
3117,2
3119,2
3122,2
3123,2
3125,2
3126,2
3128,2
3130,2
3131,2
3134,2
3135,1
3136,1
3137,1
3143,1
3144,1
3146,1
3147,1
3148,2
3149,1
3150,1
3152,1
3153,1
3155,2
3158,1
3159,1
3161,2
3164,1
3167,1
3168,1
3170,2
3173,1
3174,2
3175,2
3176,1
3177,1
3178,1
3179,2
3180,1
3182,2
3184,1
3185,1
3189,1
3190,2
3191,2
3192,1
3194,2
3195,2
3198,2
3200,1
3205,1
3206,1
3207,1
3208,1
3216,2
3217,1
3219,1
3220,1
3221,1
3223,1
3225,2
3226,2
3227,2
3229,1
3230,1
3233,1
3238,1
3239,1
3240,2
3243,1
3244,1
3246,1
3247,1
3251,1
3252,1
3253,1
3257,1
3260,1
3262,1
3263,1
3264,2
3266,1
3267,1
3268,1
3269,2
3270,2
3272,1
3274,1
3275,1
3277,1
3279,1
3280,2
3281,2
3283,2
3285,1
3288,1
3291,1
3292,2
3299,2
3300,2
3301,1
3305,2
3306,1
3309,2
3310,2
3312,2
3314,2
3316,2
3317,1
3321,1
3322,2
3325,2
3326,1
3327,1
3329,2
3330,1
3331,2
3333,1
3336,2
3338,1
3339,1
3341,1
3347,1
3349,1
3351,1
3356,1
3362,1
3364,1
3365,1
3366,1
3368,2
3370,1
3371,1
3372,1
3375,1
3377,2
3380,2
3381,1
3382,1
3384,1
3387,1
3388,1
3389,1
3391,2
3397,1
3398,2
3399,2
3401,1
3402,1
3405,1
3406,1
3408,1
3410,1
3411,2
3412,1
3415,1
3417,1
3421,1
3422,1
3425,1
3426,2
3430,1
3431,1
3435,1
3436,2
3439,1
3440,1
3441,1
3442,1
3443,1
3445,2
3453,1
3456,1
3457,1
3458,1
3459,1
3460,1
3462,1
3464,1
3465,1
3468,1
3469,1
3472,2
3473,1
3477,1
3480,1
3481,2
3484,2
3485,1
3486,1
3487,1
3490,1
3494,1
3496,1
3497,1
3498,1
3500,1
3501,2
3503,1
3504,1
3505,1
3507,2
3508,1
3509,1
3510,1
3511,2
3512,1
3513,1
3515,1
3516,1
3517,2
3518,1
3519,2
3520,1
3523,1
3524,2
3525,1
3531,2
3533,1
3534,2
3539,1
3540,2
3543,2
3545,1
3548,1
3550,1
3553,2
3554,2
3556,1
3561,1
3562,2
3564,1
3566,1
3567,1
3568,1
3569,2
3570,1
3571,1
3572,2
3573,1
3575,1
3576,1
3578,2
3581,1
3584,1
3585,1
3586,1
3587,1
3592,1
3593,1
3596,1
3597,2
3604,2
3605,2
3606,2
3610,1
3613,1
3614,1
3615,2
3619,1
3620,1
3621,2
3622,1
3624,1
3627,1
3628,2
3629,2
3630,1
3634,1
3635,1
3636,2
3641,1
3642,2
3645,2
3646,1
3648,2
3650,1
3651,1
3652,1
3654,1
3655,2
3660,1
3661,1
3665,1
3666,2
3667,1
3668,2
3669,1
3671,2
3673,1
3674,1
3680,1
3688,1
3691,2
3693,2
3695,2
3696,1
3697,1
3698,1
3699,1
3700,2
3704,2
3706,1
3709,1
3716,2
3717,1
3718,1
3719,1
3720,1
3721,2
3725,2
3726,1
3728,2
3729,1
3733,1
3736,1
3738,1
3739,1
3741,2
3745,2
3746,1
3748,1
3751,1
3752,1
3754,1
3755,2
3756,2
3759,2
3760,1
3761,1
3764,1
3766,1
3767,1
3768,2
3769,1
3770,1
3772,1
3773,1
3778,1
3779,2
3781,1
3783,1
3784,1
3785,1
3786,1
3789,1
3791,2
3792,1
3793,2
3794,1
3798,1
3800,1
3802,1
3803,2
3804,1
3805,1
3811,1
3813,1
3814,2
3816,2
3819,2
3820,2
3823,1
3825,1
3826,1
3827,1
3829,2
3830,2
3831,1
3832,2
3833,1
3836,1
3839,1
3840,2
3845,1
3846,2
3847,1
3850,2
3851,1
3852,1
3853,1
3854,2
3856,2
3857,1
3858,1
3859,1
3861,1
3862,2
3863,1
3864,1
3865,1
3866,1
3867,1
3870,1
3871,2
3872,2
3873,1
3876,1
3880,2
3883,2
3884,1
3885,2
3886,1
3889,1
3890,1
3891,1
3892,2
3897,2
3899,1
3901,2
3902,2
3903,2
3906,1
3907,1
3909,1
3915,1
3916,1
3917,1
3919,1
3920,1
3921,2
3922,2
3923,1
3924,1
3927,1
3937,1
3938,1
3941,1
3942,2
3943,1
3944,2
3945,1
3946,1
3947,1
3951,1
3953,1
3954,1
3955,1
3956,1
3958,2
3961,1
3964,2
3967,1
3968,1
3969,2
3970,2
3979,2
3981,2
3983,1
3984,1
3985,1
3992,1
3993,1
3995,1
3996,1
3997,1
3998,1
3999,2
4001,2
4005,1
4012,1
4013,2
4014,1
4015,1
4016,2
4017,1
4018,2
4021,1
4023,2
4024,1
4025,2
4027,1
4029,2
4033,1
4036,1
4038,1
4039,2
4040,2
4041,2
4042,1
4044,1
4045,2
4046,2
4047,1
4048,2
4049,1
4050,1
4051,1
4055,2
4056,2
4057,1
4058,1
4061,2
4062,2
4067,1
4068,1
4070,1
4071,1
4073,1
4074,1
4075,2
4076,1
4081,1
4082,1
4084,1
4085,1
4086,2
4087,2
4088,2
4089,2
4090,2
4092,1
4094,2
4097,1
4098,1
4099,1
4101,2
4104,1
4106,1
4107,1
4108,2
4109,2
4111,2
4112,2
4113,1
4114,1
4115,1
4118,2
4119,1
4120,2
4121,1
4123,2
4124,2
4128,1
4129,1
4130,1
4134,1
4135,1
4136,1
4138,1
4140,1
4141,2
4143,2
4146,2
4147,2
4148,2
4153,1
4154,2
4156,1
4162,2
4165,1
4166,1
4169,1
4170,1
4173,1
4177,1
4178,1
4180,2
4183,1
4186,1
4187,1
4188,1
4190,1
4192,2
4196,2
4197,2
4198,1
4199,1
4201,1
4202,1
4203,1
4205,1
4208,2
4210,1
4211,2
4212,1
4216,1
4217,1
4218,1
4219,2
4226,2
4227,2
4228,1
4229,2
4231,1
4235,1
4237,2
4241,1
4243,1
4244,1
4246,1
4250,2
4252,2
4256,1
4257,2
4258,2
4259,1
4261,1
4263,1
4264,1
4265,2
4271,2
4272,1
4273,1
4274,1
4275,1
4277,1
4280,2
4283,1
4284,1
4289,1
4291,1
4292,1
4293,1
4301,1
4302,1
4303,2
4307,1
4310,1
4311,1
4312,2
4314,2
4315,1
4317,1
4319,2
4321,1
4322,2
4323,1
4328,1
4329,1
4330,1
4331,1
4333,1
4334,1
4335,2
4339,2
4340,2
4342,2
4343,1
4347,1
4351,1
4352,2
4354,1
4355,2
4358,1
4361,1
4363,1
4366,2
4367,1
4368,1
4369,2
4370,2
4371,1
4373,1
4377,1
4378,2
4379,1
4381,1
4382,2
4383,1
4386,1
4389,2
4394,2
4396,1
4397,1
4400,1
4404,1
4408,1
4409,1
4410,2
4411,2
4413,2
4416,1
4418,1
4419,1
4420,1
4421,1
4424,1
4427,1
4429,1
4430,1
4431,2
4433,1
4435,1
4436,2
4438,1
4440,1
4441,1
4442,2
4445,1
4446,2
4450,1
4451,1
4454,1
4455,2
4456,2
4458,2
4461,1
4464,2
4466,1
4467,1
4468,1
4469,2
4470,1
4471,1
4473,1
4474,2
4475,1
4480,1
4487,2
4488,2
4490,1
4491,1
4492,2
4493,1
4497,1
4498,2
4499,2
4505,1
4506,1
4507,1
4509,2
4510,2
4511,2
4512,1
4516,1
4519,2
4520,2
4522,1
4523,1
4526,2
4527,1
4529,1
4534,2
4535,2
4536,2
4537,1
4538,2
4540,1
4542,2
4543,1
4545,1
4546,2
4552,1
4555,2
4556,1
4557,1
4558,2
4559,1
4560,1
4561,1
4563,2
4566,2
4570,1
4571,1
4572,1
4579,2
4583,1
4585,1
4586,1
4587,1
4588,2
4589,2
4593,2
4595,1
4596,1
4597,2
4599,1
4605,1
4606,1
4607,2
4608,1
4609,2
4610,1
4612,1
4613,1
4616,1
4618,2
4620,1
4622,1
4623,1
4625,1
4626,2
4627,2
4628,1
4629,1
4630,1
4631,2
4632,1
4633,1
4635,1
4636,2
4637,1
4639,1
4640,2
4642,1
4646,2
4647,2
4651,2
4653,1
4654,2
4656,1
4657,1
4659,1
4661,1
4663,2
4664,1
4665,1
4666,2
4671,1
4672,1
4673,2
4675,1
4676,1
4677,1
4679,1
4681,2
4683,2
4684,2
4685,1
4688,1
4694,2
4698,1
4701,1
4702,1
4703,1
4704,1
4705,2
4707,2
4710,1
4712,1
4713,1
4714,1
4723,1
4726,1
4728,2
4729,2
4732,1
4734,1
4736,1
4742,1
4743,2
4744,1
4745,1
4746,1
4748,1
4749,1
4752,1
4753,2
4756,2
4757,1
4758,1
4760,1
4768,1
4770,1
4771,1
4775,1
4777,1
4778,1
4783,1
4784,1
4786,2
4789,1
4793,2
4795,1
4797,1
4798,1
4799,2
4802,2
4803,1
4805,1
4806,1
4807,2
4808,1
4809,2
4810,2
4811,1
4812,1
4815,2
4819,2
4823,1
4824,1
4825,1
4826,1
4828,2
4830,1
4831,1
4832,1
4833,1
4835,1
4836,1
4838,1
4840,1
4842,2
4845,1
4846,1
4851,1
4855,1
4858,1
4862,2
4863,1
4864,1
4868,1
4873,2
4877,1
4880,1
4882,1
4883,2
4884,1
4885,2
4888,2
4893,2
4894,2
4895,2
4896,1
4899,2
4901,1
4905,1
4910,1
4913,1
4915,1
4918,1
4920,1
4921,1
4924,1
4925,1
4926,2
4927,1
4928,1
4929,1
4931,1
4933,2
4934,1
4935,1
4936,1
4938,2
4940,1
4941,2
4942,1
4943,1
4944,1
4945,1
4946,1
4947,2
4949,1
4950,1
4951,1
4953,2
4955,1
4956,1
4957,2
4959,1
4961,1
4965,1
4966,1
4972,1
4976,1
4978,1
4980,1
4982,2
4986,2
4989,1
4990,2
4991,2
4992,2
4993,1
4994,1
4995,1
4996,2
4998,1
4999,1
5002,1
5003,1
5004,1
5006,1
5007,1
5009,1
5010,1
5011,2
5012,2
5015,1
5016,2
5017,2
5018,2
5019,2
5022,2
5023,2
5025,1
5026,2
5027,2
5028,1
5032,2
5033,1
5035,2
5037,1
5038,2
5039,1
5040,1
5041,1
5042,2
5045,1
5048,2
5050,1
5054,2
5055,2
5059,1
5064,1
5065,1
5066,1
5067,1
5069,2
5070,2
5071,2
5072,1
5077,1
5078,1
5079,1
5080,1
5083,1
5084,1
5086,2
5087,1
5088,1
5089,1
5090,1
5091,2
5092,2
5098,1
5099,1
5100,1
5101,1
5102,1
5103,1
5104,1
5107,1
5108,1
5112,1
5115,2
5118,1
5121,1
5122,1
5123,1
5124,1
5127,1
5128,2
5129,2
5130,2
5132,1
5133,1
5135,1
5136,1
5137,1
5138,2
5139,1
5140,1
5146,1
5147,2
5150,1
5152,1
5154,1
5155,1
5156,1
5157,2
5158,2
5160,1
5161,1
5162,1
5163,1
5164,2
5171,1
5172,1
5181,1
5183,1
5185,2
5187,1
5188,1
5189,1
5190,1
5193,2
5195,2
5199,1
5203,1
5204,1
5205,1
5206,2
5207,1
5208,1
5211,1
5213,1
5216,1
5217,1
5218,1
5219,2
5221,1
5224,1
5225,2
5227,1
5232,2
5233,1
5234,1
5235,1
5237,1
5241,1
5242,1
5246,1
5248,1
5250,2
5251,1
5253,2
5254,2
5257,1
5259,2
5260,2
5262,2
5263,1
5264,2
5266,2
5269,1
5271,2
5274,2
5275,2
5276,2
5277,2
5278,2
5280,1
5281,2
5282,2
5285,2
5288,2
5291,1
5293,1
5294,2
5295,1
5305,1
5306,1
5307,1
5310,1
5316,2
5317,1
5318,1
5319,1
5320,2
5321,1
5322,2
5323,1
5324,1
5325,1
5326,1
5329,1
5330,1
5333,1
5334,1
5335,2
5338,1
5339,1
5340,1
5341,1
5343,1
5346,1
5348,1
5350,1
5351,2
5353,1
5355,1
5356,1
5358,1
5359,2
5361,2
5363,2
5364,1
5365,1
5367,1
5368,1
5369,1
5370,1
5374,1
5376,2
5380,1
5383,1
5387,1
5391,1
5393,1
5394,1
5395,2
5396,1
5397,1
5399,1
5409,1
5413,1
5416,1
5417,1
5419,1
5420,1
5422,2
5424,1
5426,1
5429,1
5430,1
5431,1
5436,1
5438,1
5439,2
5442,1
5443,2
5445,1
5447,1
5451,2
5453,1
5454,1
5458,2
5459,2
5460,1
5461,1
5463,1
5465,2
5466,2
5470,1
5472,2
5473,2
5475,1
5476,1
5477,1
5480,1
5482,1
5484,1
5485,2
5486,2
5493,1
5494,2
5496,1
5497,2
5504,2
5505,2
5506,2
5508,1
5509,2
5511,2
5512,1
5513,1
5514,1
5515,2
5516,1
5519,1
5520,2
5525,2
5527,1
5528,2
5529,1
5530,1
5531,1
5532,1
5536,2
5539,1
5540,2
5548,1
5553,1
5554,1
5556,2
5560,1
5561,1
5562,1
5564,2
5566,1
5568,2
5574,2
5576,1
5579,1
5580,2
5582,1
5583,1
5584,2
5587,1
5588,2
5589,1
5592,1
5593,1
5595,1
5596,2
5598,1
5599,1
5601,1
5602,1
5605,1
5606,2
5607,1
5608,1
5609,2
5610,1
5611,2
5612,2
5614,1
5616,2
5617,1
5619,1
5620,1
5622,2
5623,1
5625,1
5627,1
5635,1
5637,1
5640,2
5641,1
5644,1
5646,1
5647,1
5648,1
5649,2
5650,1
5652,2
5653,1
5654,1
5655,2
5658,1
5659,1
5665,1
5669,1
5670,1
5671,2
5674,1
5676,2
5679,1
5681,2
5684,1
5686,1
5688,2
5691,1
5692,1
5693,1
5695,1
5696,1
5697,1
5698,1
5699,2
5702,1
5703,2
5707,2
5708,1
5712,1
5713,1
5714,1
5716,1
5717,1
5720,1
5721,2
5722,1
5723,1
5725,2
5727,2
5728,1
5733,1
5735,2
5736,1
5737,1
5740,1
5742,1
5745,2
5747,2
5748,1
5749,1
5750,2
5751,2
5753,1
5756,1
5759,2
5762,1
5765,2
5766,2
5767,2
5771,1
5776,1
5777,1
5779,1
5782,1
5783,2
5784,1
5785,1
5786,1
5788,1
5789,1
5793,1
5794,1
5795,2
5797,2
5800,1
5804,2
5805,2
5806,1
5807,1
5809,1
5810,1
5816,2
5819,2
5820,1
5822,1
5823,1
5824,2
5825,1
5827,2
5830,1
5832,1
5833,1
5836,1
5838,1
5845,2
5846,1
5847,1
5848,2
5851,1
5852,1
5853,2
5855,2
5856,1
5857,1
5860,2
5861,1
5864,1
5865,1
5867,2
5868,1
5869,1
5870,1
5872,1
5875,1
5878,1
5879,2
5881,1
5882,1
5883,1
5884,2
5885,1
5886,2
5888,1
5890,2
5891,1
5894,2
5900,2
5901,2
5902,2
5903,1
5904,2
5906,1
5909,1
5911,1
5913,1
5914,2
5915,1
5916,2
5918,1
5919,1
5921,2
5922,2
5925,2
5926,2
5930,1
5932,1
5933,2
5934,1
5935,1
5936,2
5939,2
5940,1
5942,1
5943,1
5944,2
5945,1
5946,1
5947,2
5948,1
5949,2
5952,1
5953,1
5955,1
5962,2
5966,1
5967,2
5968,1
5969,1
5973,1
5974,1
5975,1
5976,2
5979,1
5980,1
5981,1
5982,2
5984,1
5985,1
5986,1
5988,1
5989,1
5990,2
5991,2
5992,1
5993,2
5996,1
6005,1
6010,1
6011,1
6013,1
6017,2
6018,1
6019,1
6020,2
6021,1
6022,1
6023,1
6027,1
6028,1
6029,1
6031,1
6032,1
6033,1
6034,1
6036,2
6037,1
6038,1
6039,1
6042,2
6044,2
6046,2
6050,2
6053,2
6054,2
6057,1
6058,1
6059,1
6062,1
6063,1
6066,2
6072,1
6073,1
6077,2
6079,1
6080,1
6081,2
6084,1
6086,2
6087,1
6097,2
6098,2
6099,1
6101,1
6102,1
6103,2
6105,1
6106,1
6108,2
6109,1
6110,1
6115,1
6116,1
6123,1
6124,1
6125,1
6126,1
6127,1
6129,1
6132,1
6133,1
6135,1
6140,1
6142,2
6143,1
6148,2
6149,2
6154,2
6157,1
6159,1
6160,2
6162,2
6164,1
6165,2
6166,2
6169,1
6170,2
6171,1
6172,1
6173,2
6174,1
6175,2
6176,1
6177,1
6178,1
6180,1
6182,1
6183,1
6186,1
6187,1
6190,1
6191,1
6195,1
6196,1
6198,2
6202,1
6204,1
6205,1
6206,2
6207,2
6208,1
6213,1
6214,2
6217,1
6218,2
6220,1
6224,2
6225,2
6226,2
6229,1
6235,1
6236,1
6240,1
6244,1
6245,1
6246,2
6247,2
6249,1
6250,2
6252,1
6255,2
6256,1
6257,1
6258,2
6261,2
6262,1
6267,2
6270,2
6272,2
6274,1
6276,2
6277,2
6280,2
6281,2
6282,2
6283,1
6285,1
6288,1
6289,1
6290,1
6291,2
6292,1
6293,1
6294,1
6298,1
6299,2
6301,1
6303,2
6304,1
6307,2
6308,1
6314,1
6321,1
6322,1
6324,1
6326,1
6327,1
6329,1
6334,1
6335,1
6336,1
6337,2
6338,1
6341,1
6343,1
6344,1
6348,1
6350,1
6352,1
6353,1
6356,1
6359,1
6362,2
6364,1
6366,1
6367,1
6368,2
6372,2
6373,1
6375,2
6377,1
6378,1
6385,1
6386,1
6387,1
6390,1
6392,1
6393,2
6394,1
6395,2
6398,2
6400,1
6401,1
6402,1
6404,1
6406,2
6407,1
6410,2
6411,2
6415,1
6416,1
6417,1
6419,1
6420,1
6421,1
6423,2
6427,1
6428,1
6431,1
6432,1
6436,2
6439,1
6441,2
6442,1
6443,1
6445,1
6446,1
6450,2
6454,2
6455,2
6457,1
6458,1
6459,1
6460,1
6462,1
6466,1
6467,1
6469,2
6475,1
6476,1
6477,1
6478,2
6479,2
6481,1
6482,2
6484,2
6485,2
6488,2
6493,2
6495,2
6496,1
6498,2
6499,2
6500,2
6501,2
6503,2
6505,1
6508,1
6509,2
6510,2
6511,1
6513,2
6515,1
6516,2
6518,1
6519,1
6521,1
6524,1
6525,1
6526,2
6527,1
6533,2
6535,1
6536,1
6538,2
6541,2
6543,2
6544,1
6545,2
6547,1
6549,1
6552,2
6555,1
6556,1
6558,1
6559,1
6564,1
6565,1
6566,2
6568,1
6570,2
6572,1
6573,1
6574,1
6577,1
6578,1
6579,2
6583,2
6584,1
6586,1
6590,1
6591,1
6592,1
6593,2
6594,2
6598,2
6599,2
6601,2
6602,1
6603,1
6604,2
6609,1
6615,1
6618,1
6619,1
6620,1
6623,1
6626,1
6632,1
6634,1
6635,1
6638,1
6640,1
6647,2
6649,1
6652,2
6654,1
6655,1
6656,1
6657,1
6659,1
6660,1
6661,1
6662,1
6665,2
6668,1
6669,1
6672,1
6675,1
6676,1
6677,1
6678,1
6679,1
6680,1
6681,2
6682,2
6683,1
6685,1
6687,1
6689,1
6690,2
6692,2
6694,1
6697,1
6699,1
6700,2
6701,1
6703,2
6704,2
6711,1
6712,1
6713,1
6714,1
6715,1
6718,1
6725,1
6726,1
6728,1
6731,1
6732,1
6734,1
6735,1
6737,1
6738,1
6742,1
6743,1
6745,1
6748,2
6749,2
6751,1
6753,1
6754,1
6756,1
6757,2
6758,1
6759,1
6762,1
6763,2
6764,1
6765,2
6766,1
6767,1
6770,1
6771,2
6772,2
6773,1
6775,1
6778,2
6781,2
6782,2
6783,1
6785,1
6787,1
6789,1
6790,1
6792,1
6795,2
6796,2
6797,1
6798,2
6801,1
6802,1
6804,1
6806,2
6810,1
6813,2
6814,2
6817,1
6819,1
6822,2
6823,2
6827,1
6828,2
6829,2
6834,1
6838,1
6839,1
6842,1
6843,1
6846,1
6848,1
6849,1
6851,2
6853,1
6855,2
6856,1
6858,1
6860,1
6861,1
6863,1
6864,2
6869,2
6870,1
6871,1
6873,2
6874,2
6877,2
6879,2
6882,2
6883,1
6884,1
6885,2
6888,1
6889,2
6895,2
6896,2
6898,1
6899,2
6901,1
6904,1
6905,2
6907,1
6908,2
6913,1
6916,1
6917,1
6918,2
6919,1
6920,2
6921,1
6926,2
6929,2
6930,1
6933,1
6935,2
6936,2
6937,1
6939,2
6941,1
6943,1
6944,2
6947,2
6949,1
6951,1
6954,1
6958,2
6959,1
6961,1
6962,2
6967,1
6968,1
6970,1
6971,1
6972,1
6974,1
6976,2
6977,1
6978,2
6981,1
6983,1
6984,2
6986,1
6987,1
6988,1
6989,1
6990,1
6993,2
6996,1
6997,1
7000,1
7001,1
7003,1
7005,2
7006,1
7008,1
7009,2
7010,2
7011,2
7012,1
7013,2
7017,1
7018,1
7020,1
7021,1
7029,1
7031,1
7033,2
7041,1
7042,2
7043,2
7045,1
7047,1
7048,1
7049,2
7050,1
7052,2
7053,1
7054,2
7055,1
7060,2
7063,1
7065,1
7066,1
7067,1
7071,2
7075,1
7076,1
7077,1
7078,2
7079,1
7080,1
7082,1
7083,1
7084,1
7088,1
7091,2
7092,2
7096,1
7097,2
7101,1
7102,1
7104,2
7105,1
7106,2
7109,2
7110,1
7113,2
7116,1
7118,1
7119,2
7123,1
7125,2
7127,1
7128,1
7129,1
7135,1
7139,1
7141,1
7142,2
7144,1
7145,2
7146,2
7147,1
7149,1
7154,2
7155,2
7156,1
7157,1
7160,2
7161,2
7162,2
7166,2
7167,2
7171,1
7173,2
7182,2
7183,2
7184,1
7185,2
7189,2
7190,1
7193,1
7195,1
7196,2
7198,2
7199,2
7201,1
7202,1
7205,1
7206,2
7211,1
7215,2
7217,1
7218,2
7222,1
7223,1
7225,2
7228,1
7232,1
7234,2
7238,1
7241,1
7244,1
7245,1
7247,1
7248,1
7250,2
7255,1
7259,2
7260,1
7261,1
7262,2
7264,1
7266,1
7269,1
7272,1
7273,2
7275,1
7278,2
7279,1
7283,1
7285,1
7292,1
7296,1
7299,1
7300,1
7304,2
7306,2
7308,1
7309,1
7310,2
7312,2
7313,1
7320,1
7321,2
7324,1
7330,1
7334,1
7335,1
7336,1
7337,1
7338,1
7339,1
7341,1
7342,1
7344,1
7345,1
7347,2
7349,1
7350,1
7353,1
7354,2
7355,1
7356,1
7361,1
7367,2
7368,1
7369,2
7379,1
7384,1
7385,2
7386,2
7388,1
7389,1
7392,1
7393,2
7394,1
7395,1
7396,1
7400,1
7401,2
7404,1
7408,1
7411,1
7414,1
7415,2
7416,1
7419,2
7421,1
7422,2
7426,2
7428,1
7431,1
7432,2
7433,1
7435,1
7444,2
7445,1
7448,2
7450,1
7451,2
7454,2
7458,1
7461,2
7462,1
7464,1
7465,1
7467,2
7471,1
7474,2
7475,2
7476,2
7477,1
7478,2
7479,2
7480,1
7482,1
7483,2
7487,1
7488,2
7489,1
7492,1
7493,2
7494,2
7495,2
7497,2
7498,1
7500,2
7503,1
7508,1
7513,1
7520,2
7521,2
7524,2
7525,1
7527,2
7529,1
7530,1
7534,2
7535,1
7537,2
7540,2
7541,1
7542,1
7544,2
7545,1
7547,2
7548,2
7550,1
7551,1
7553,1
7554,2
7555,1
7556,2
7557,1
7558,2
7560,2
7561,1
7565,1
7567,1
7568,1
7569,2
7570,1
7573,1
7576,2
7578,2
7580,1
7581,2
7582,1
7584,1
7586,2
7588,1
7589,1
7591,1
7592,1
7593,1
7595,2
7597,1
7601,2
7603,1
7605,1
7607,1
7608,2
7609,1
7612,1
7614,2
7615,1
7617,1
7618,1
7624,2
7626,1
7629,1
7630,2
7631,2
7633,2
7636,1
7637,1
7638,1
7643,1
7644,2
7646,1
7647,1
7648,2
7649,2
7651,2
7653,2
7657,1
7658,1
7659,1
7662,2
7664,1
7666,1
7671,1
7674,2
7676,2
7677,1
7679,1
7680,1
7685,1
7691,2
7692,1
7694,2
7695,1
7702,1
7706,1
7707,2
7708,1
7711,1
7712,1
7715,1
7717,2
7721,2
7726,1
7728,2
7729,1
7734,2
7736,1
7738,1
7740,1
7744,1
7745,1
7746,2
7747,1
7748,2
7750,2
7752,1
7753,1
7758,2
7760,1
7764,1
7765,1
7766,1
7768,1
7770,1
7771,1
7772,2
7777,2
7778,2
7779,1
7780,2
7783,2
7784,2
7786,1
7788,1
7790,1
7791,1
7793,1
7795,1
7796,2
7798,1
7799,1
7801,1
7803,2
7804,1
7806,1
7809,1
7811,1
7814,2
7815,2
7820,1
7821,1
7823,1
7827,1
7830,1
7831,1
7832,1
7834,1
7836,1
7837,1
7838,2
7840,1
7841,2
7842,1
7844,2
7847,2
7848,1
7853,1
7854,1
7856,1
7858,1
7860,2
7861,1
7865,1
7866,1
7869,1
7870,2
7872,1
7873,2
7875,2
7876,1
7877,1
7878,1
7881,1
7883,1
7885,1
7886,2
7888,1
7889,1
7892,1
7896,1
7897,1
7899,1
7901,1
7904,2
7906,1
7907,1
7908,2
7909,2
7912,1
7915,1
7921,2
7925,1
7926,1
7928,1
7930,1
7931,1
7933,1
7935,2
7937,1
7939,1
7943,1
7945,1
7946,1
7949,1
7951,1
7952,2
7956,1
7963,2
7965,2
7966,2
7968,1
7970,2
7974,1
7975,1
7976,2
7978,1
7981,1
7982,2
7984,1
7988,1
7989,1
7992,1
7993,1
7994,1
7996,1
7998,2
7999,2
8000,2
8002,2
8003,1
8005,2
8006,1
8009,2
8010,2
8013,2
8020,2
8021,2
8022,1
8023,1
8027,2
8029,2
8032,2
8034,1
8035,2
8036,2
8037,1
8038,1
8042,2
8043,2
8045,1
8048,2
8051,1
8052,1
8058,2
8059,2
8061,1
8064,2
8065,1
8067,1
8068,2
8070,2
8074,2
8077,1
8078,2
8080,1
8082,1
8083,2
8085,1
8090,1
8091,2
8093,1
8097,1
8100,1
8101,1
8102,1
8105,2
8106,1
8109,2
8110,1
8111,1
8112,1
8113,2
8114,2
8115,2
8116,2
8119,1
8121,1
8122,2
8124,1
8127,1
8131,1
8132,1
8135,1
8138,1
8139,1
8140,2
8146,2
8147,2
8150,2
8153,1
8156,2
8157,1
8158,2
8159,2
8160,1
8162,2
8165,1
8166,2
8167,1
8170,1
8172,1
8174,1
8175,1
8177,1
8179,1
8180,2
8181,1
8183,1
8184,1
8185,1
8188,1
8189,1
8190,1
8191,1
8194,1
8197,1
8198,1
8205,1
8208,2
8210,1
8211,1
8212,2
8213,1
8214,1
8215,1
8219,1
8220,2
8221,1
8223,1
8224,1
8226,1
8229,1
8230,1
8231,2
8232,1
8233,2
8234,1
8235,1
8242,1
8243,1
8245,1
8247,2
8248,1
8250,1
8251,1
8256,1
8257,2
8258,2
8259,1
8260,2
8261,1
8263,2
8266,1
8267,2
8268,2
8270,2
8271,2
8272,2
8274,1
8276,1
8283,2
8286,1
8287,1
8289,1
8293,1
8296,1
8297,2
8298,1
8299,1
8302,2
8305,2
8306,2
8319,1
8322,1
8323,1
8324,2
8326,2
8327,1
8328,2
8330,1
8331,1
8333,1
8334,1
8340,2
8341,2
8342,2
8348,1
8349,1
8350,1
8351,2
8352,1
8354,1
8355,1
8356,1
8357,1
8361,2
8363,1
8364,1
8366,1
8368,1
8370,2
8371,1
8372,1
8374,1
8375,1
8378,2
8379,1
8381,2
8383,1
8384,1
8387,1
8389,1
8390,1
8393,2
8396,1
8398,1
8399,1
8400,2
8401,1
8403,1
8405,1
8406,1
8409,1
8410,1
8414,1
8415,1
8416,1
8422,1
8423,1
8424,1
8425,1
8427,1
8430,1
8432,2
8433,1
8434,1
8435,1
8437,1
8438,1
8440,1
8441,1
8443,2
8445,1
8446,1
8447,2
8449,2
8451,1
8452,2
8454,1
8457,2
8458,2
8461,2
8465,1
8468,2
8469,1
8470,1
8473,1
8474,1
8479,2
8481,1
8482,2
8483,2
8484,1
8486,2
8487,1
8488,2
8489,1
8492,2
8495,2
8497,1
8503,1
8504,1
8506,1
8507,1
8508,1
8510,1
8513,2
8515,1
8519,1
8520,1
8522,1
8523,1
8525,1
8526,2
8527,1
8528,1
8533,1
8534,1
8535,1
8536,1
8539,2
8540,1
8545,1
8547,1
8549,1
8555,1
8559,2
8560,2
8564,1
8565,2
8566,1
8568,1
8569,1
8574,1
8575,1
8576,1
8577,1
8578,1
8580,1
8582,1
8584,2
8587,1
8588,2
8589,1
8591,1
8592,2
8594,2
8595,1
8596,2
8597,1
8601,2
8602,1
8603,1
8605,2
8606,2
8608,1
8611,1
8612,1
8613,1
8614,2
8615,1
8616,1
8619,2
8620,1
8622,1
8623,1
8624,1
8625,1
8626,2
8631,1
8635,1
8636,1
8638,2
8639,2
8641,1
8642,1
8647,1
8649,2
8651,1
8654,1
8655,2
8658,1
8659,2
8662,1
8663,2
8664,1
8665,1
8667,1
8670,1
8672,1
8682,2
8683,1
8684,1
8686,1
8687,1
8688,1
8690,1
8691,1
8694,1
8697,1
8699,1
8701,2
8703,1
8705,1
8707,2
8710,2
8711,1
8712,2
8714,2
8716,1
8718,1
8722,2
8724,1
8727,1
8729,1
8733,1
8735,1
8737,1
8740,1
8741,1
8743,1
8744,1
8746,2
8747,1
8748,1
8749,2
8750,2
8751,1
8754,1
8755,1
8756,2
8757,1
8758,1
8760,1
8761,2
8763,1
8767,1
8770,1
8771,1
8772,1
8775,1
8776,2
8778,1
8781,2
8782,2
8785,2
8786,2
8790,2
8791,1
8792,2
8793,2
8798,2
8799,2
8801,1
8803,2
8804,1
8807,2
8808,2
8809,1
8810,1
8811,1
8812,1
8813,1
8817,1
8819,2
8822,2
8823,1
8824,1
8828,2
8831,2
8832,1
8836,1
8838,1
8841,2
8844,2
8845,2
8848,1
8850,2
8851,1
8854,1
8856,1
8857,1
8860,1
8862,2
8864,2
8867,2
8868,1
8869,1
8872,1
8876,2
8878,2
8880,1
8881,2
8883,1
8884,1
8892,1
8893,1
8894,1
8896,2
8900,1
8901,2
8902,2
8903,2
8905,1
8907,2
8908,2
8909,2
8912,1
8914,1
8916,1
8917,1
8923,1
8925,1
8927,1
8928,2
8929,1
8930,2
8933,1
8934,2
8935,2
8936,1
8937,1
8938,2
8939,2
8940,1
8943,1
8945,1
8947,1
8948,2
8949,1
8950,2
8952,2
8954,1
8955,1
8956,1
8960,2
8962,1
8963,2
8964,1
8965,1
8967,1
8970,1
8976,1
8977,1
8981,2
8985,1
8986,2
8987,1
8991,1
8993,1
8994,2
8995,2
9004,2
9005,2
9007,1
9009,1
9012,1
9013,2
9014,2
9020,1
9023,1
9026,1
9027,2
9028,1
9034,1
9035,1
9036,1
9040,1
9041,1
9042,2
9043,2
9044,1
9046,2
9047,1
9048,2
9050,1
9055,1
9057,1
9059,2
9060,1
9062,2
9063,1
9065,1
9066,2
9069,1
9071,1
9073,1
9074,1
9077,2
9078,2
9079,1
9081,1
9087,1
9088,1
9089,1
9091,2
9099,2
9100,2
9105,1
9107,2
9109,1
9110,1
9111,2
9112,1
9116,1
9118,1
9120,1
9122,2
9125,1
9128,1
9129,1
9131,1
9133,1
9136,1
9137,1
9141,2
9145,1
9150,1
9153,1
9154,1
9155,2
9159,1
9163,1
9165,1
9167,2
9168,2
9171,1
9173,1
9174,1
9175,2
9181,1
9187,1
9188,1
9189,1
9191,1
9193,2
9196,1
9197,2
9199,1
9203,1
9204,1
9207,2
9208,2
9210,1
9212,1
9215,2
9216,1
9218,1
9219,2
9222,2
9224,1
9225,1
9227,2
9228,1
9229,1
9232,1
9234,1
9235,1
9238,1
9239,1
9242,2
9243,1
9248,1
9249,1
9252,2
9257,1
9262,2
9264,1
9266,1
9267,2
9269,1
9273,1
9277,2
9279,1
9280,1
9283,1
9284,1
9286,2
9287,1
9288,2
9289,2
9292,1
9293,1
9294,2
9296,2
9297,1
9298,2
9302,1
9304,1
9306,1
9308,2
9312,1
9313,1
9322,1
9323,2
9326,2
9331,2
9334,1
9336,1
9338,2
9341,1
9344,2
9348,1
9349,1
9350,2
9353,1
9354,2
9355,2
9358,1
9360,1
9361,1
9364,1
9365,2
9366,2
9376,1
9384,2
9385,1
9386,1
9387,2
9388,2
9389,1
9392,1
9396,2
9398,2
9401,2
9402,2
9405,1
9407,2
9411,2
9412,2
9414,2
9416,1
9417,1
9418,2
9420,1
9422,2
9423,2
9428,2
9433,2
9434,1
9435,2
9441,1
9442,1
9444,1
9445,1
9446,1
9447,1
9452,1
9453,1
9455,1
9456,1
9457,2
9460,1
9462,1
9464,1
9465,1
9469,1
9470,2
9471,1
9474,2
9475,1
9476,1
9477,1
9478,1
9479,1
9480,1
9482,2
9484,2
9487,1
9488,2
9489,1
9491,1
9492,1
9493,1
9496,1
9500,2
9502,1
9504,2
9505,2
9506,1
9508,1
9509,1
9515,1
9520,1
9522,1
9524,1
9525,1
9527,1
9528,1
9529,2
9531,1
9532,1
9533,1
9534,2
9535,1
9536,2
9537,1
9539,2
9542,2
9543,2
9545,1
9546,2
9548,1
9550,1
9552,1
9553,1
9554,1
9561,1
9565,1
9569,1
9570,1
9571,1
9572,2
9573,2
9575,2
9576,1
9577,2
9579,1
9580,1
9581,2
9582,1
9583,1
9588,1
9589,1
9590,1
9591,1
9592,1
9593,1
9594,2
9595,1
9598,2
9603,1
9605,2
9606,1
9610,1
9612,1
9613,2
9615,1
9616,2
9618,2
9619,1
9621,1
9624,1
9628,2
9629,2
9634,2
9636,2
9637,2
9642,1
9645,1
9647,1
9648,1
9651,2
9652,2
9654,1
9656,1
9658,1
9659,2
9662,2
9663,1
9664,2
9665,2
9666,2
9667,2
9669,2
9680,1
9682,1
9684,2
9686,1
9690,1
9691,1
9693,2
9700,2
9701,1
9702,1
9705,1
9707,1
9708,1
9711,1
9712,1
9713,2
9714,1
9716,2
9718,2
9723,2
9724,1
9725,1
9727,1
9728,2
9731,1
9732,1
9733,2
9734,2
9740,2
9741,1
9742,1
9743,1
9749,1
9750,1
9751,1
9752,1
9753,1
9754,1
9755,1
9756,1
9762,1
9763,1
9765,1
9768,1
9769,1
9771,1
9772,1
9773,1
9774,2
9778,1
9779,1
9780,1
9781,2
9784,1
9785,2
9786,1
9787,2
9788,1
9789,1
9791,1
9792,1
9793,1
9794,1
9795,1
9796,1
9797,1
9798,1
9800,1
9801,2
9804,1
9807,1
9808,1
9810,2
9816,1
9817,1
9820,1
9821,1
9822,2
9824,2
9826,1
9827,1
9828,1
9829,1
9834,1
9835,1
9837,1
9838,1
9841,1
9844,2
9847,2
9849,1
9851,1
9852,1
9853,2
9855,1
9857,1
9858,2
9859,1
9862,1
9865,1
9866,1
9868,2
9869,1
9870,2
9875,1
9876,2
9878,1
9880,2
9888,1
9890,2
9893,1
9894,1
9895,1
9897,1
9898,2
9901,1
9903,1
9907,1
9909,2
9910,1
9911,1
9913,1
9914,2
9915,1
9917,1
9921,1
9923,2
9925,1
9926,2
9927,1
9929,2
9931,1
9934,1
9938,1
9939,2
9940,1
9941,1
9942,2
9944,1
9945,1
9946,2
9950,2
9951,2
9952,1
9953,2
9954,1
9958,2
9963,1
9964,2
9972,1
9973,2
9978,1
9981,1
9982,1
9984,2
9988,2
9989,1
9991,2
9992,1
9996,2
9998,1
9999,1
10000,1
10002,1
10005,1
10006,2
10012,2
10014,1
10015,1
10016,2
10017,1
10018,2
10019,1
10021,1
10022,1
10025,2
10027,2
10032,1
10033,1
10034,1
10036,2
10039,1
10040,1
10041,1
10042,1
10044,1
10047,2
10048,2
10050,2
10051,1
10055,1
10057,1
10058,1
10059,1
10062,1
10066,1
10067,2
10068,1
10070,1
10071,1
10072,2
10075,1
10078,2
10079,1
10080,2
10082,1
10083,2
10084,1
10087,1
10088,1
10089,2
10090,2
10091,1
10094,1
10098,2
10100,1
10101,1
10106,2
10109,1
10115,1
10117,1
10120,2
10121,1
10124,2
10125,1
10127,1
10128,1
10129,1
10131,2
10132,1
10133,2
10134,1
10135,2
10136,1
10137,1
10138,1
10139,1
10140,1
10145,1
10147,2
10149,1
10152,2
10153,1
10156,2
10157,1
10158,2
10161,2
10163,1
10164,1
10165,1
10167,2
10168,1
10170,1
10172,2
10174,1
10178,2
10179,2
10180,1
10181,2
10183,1
10186,2
10187,1
10191,1
10192,2
10196,2
10198,1
10202,1
10205,2
10206,1
10207,2
10208,1
10209,2
10210,2
10211,2
10212,1
10214,2
10215,1
10218,2
10219,2
10225,1
10226,1
10228,1
10229,1
10230,1
10234,2
10235,1
10236,1
10237,1
10238,1
10240,1
10241,2
10242,1
10243,1
10248,1
10249,1
10250,1
10252,2
10253,1
10255,1
10257,1
10259,2
10262,1
10263,1
10264,1
10265,1
10268,2
10271,1
10274,2
10276,1
10278,1
10281,2
10286,2
10287,1
10288,2
10289,1
10290,1
10291,2
10297,1
10302,1
10303,1
10310,1
10312,1
10314,1
10315,1
10316,1
10318,1
10321,1
10322,1
10328,1
10329,1
10330,1
10331,2
10332,2
10333,1
10335,1
10339,2
10340,1
10341,1
10342,2
10343,1
10344,1
10345,1
10346,2
10349,1
10355,2
10356,1
10359,1
10363,2
10364,1
10370,1
10372,1
10373,1
10374,1
10378,1
10382,1
10384,2
10386,2
10388,1
10390,1
10391,1
10392,1
10393,2
10394,1
10396,1
10397,1
10398,2
10399,1
10400,1
10402,1
10405,2
10411,1
10412,1
10413,1
10414,1
10416,2
10420,1
10423,2
10424,1
10425,2
10431,1
10433,1
10435,1
10436,1
10441,1
10443,1
10448,1
10449,1
10450,1
10454,1
10456,2
10457,2
10461,2
10464,1
10465,2
10467,1
10469,2
10473,1
10476,2
10477,1
10478,2
10482,1
10483,1
10484,2
10485,1
10486,1
10488,1
10489,1
10490,2
10493,1
10494,1
10495,1
10497,1
10498,1
10502,1
10503,1
10506,2
10508,1
10510,1
10511,2
10512,1
10514,1
10517,1
10518,2
10519,1
10520,1
10522,2
10525,2
10526,1
10529,1
10530,1
10532,1
10537,1
10538,1
10539,1
10541,1
10544,2
10545,1
10547,1
10550,1
10551,1
10553,1
10554,2
10558,2
10559,2
10560,1
10561,2
10563,1
10564,1
10566,2
10567,1
10569,1
10570,1
10573,1
10576,1
10579,1
10580,1
10581,1
10583,2
10584,1
10585,1
10587,1
10589,1
10591,1
10592,1
10594,1
10596,2
10598,1
10599,1
10600,1
10601,1
10604,1
10606,2
10607,1
10611,1
10612,1
10613,2
10614,2
10617,1
10624,2
10627,1
10630,1
10632,2
10634,1
10635,2
10636,2
10641,1
10642,1
10644,1
10647,1
10652,1
10655,1
10656,2
10657,2
10660,1
10661,1
10662,1
10664,2
10667,2
10668,2
10669,1
10670,1
10671,1
10672,2
10676,1
10677,1
10678,1
10679,1
10683,1
10686,2
10690,1
10692,1
10694,1
10696,2
10697,1
10699,2
10700,2
10701,2
10702,2
10703,2
10704,2
10706,1
10708,1
10709,1
10711,2
10716,1
10717,1
10718,2
10719,1
10721,1
10722,1
10728,2
10729,1
10732,1
10734,1
10735,2
10736,1
10739,1
10741,2
10742,1
10744,1
10746,1
10748,1
10749,2
10750,2
10751,1
10752,1
10753,1
10754,2
10757,2
10758,2
10762,1
10763,1
10766,1
10768,2
10769,1
10770,2
10771,1
10774,2
10776,2
10777,2
10779,1
10781,2
10784,1
10789,1
10793,2
10794,1
10795,1
10796,1
10799,1
10801,1
10803,2
10804,1
10807,1
10809,2
10811,1
10814,1
10826,1
10827,1
10828,1
10831,1
10832,1
10833,1
10837,1
10838,1
10841,1
10843,1
10845,1
10847,1
10849,1
10850,1
10851,1
10855,1
10858,1
10859,1
10863,1
10866,1
10869,1
10872,1
10873,1
10880,1
10882,1
10883,1
10884,2
10889,2
10892,1
10893,1
10896,1
10899,1
10901,1
10904,1
10906,2
10908,2
10909,1
10910,1
10911,1
10915,1
10916,1
10917,2
10918,1
10919,1
10920,1
10921,1
10923,2
10928,2
10929,2
10930,1
10932,2
10933,1
10934,1
10937,1
10938,1
10940,1
10941,2
10945,1
10946,1
10948,1
10949,1
10951,1
10952,1
10954,1
10959,1
10960,1
10964,2
10966,1
10968,1
10970,1
10971,2
10973,1
10974,1
10976,1
10978,1
10979,1
10985,1
10986,1
10987,1
10988,1
10989,2
10991,1
10993,1
10994,1
10995,1
10996,1
